,tweet,likes,date
0,"RT @YanitedAlways: 100 days today since the European Super League collapsed. 

You‚Äôll never beat us football fans.",0,2021-07-27 23:44:03
1,"RT @YanitedAlways: 100 days today since the European Super League collapsed. 

You‚Äôll never beat us football fans.",0,2021-07-27 23:41:17
2,"100 days today since the European Super League collapsed. 

You‚Äôll never beat us football fans.",15,2021-07-27 23:33:54
3,"RT @MayowaQuadri_: I knew something was up when Florentino P√©rez was trying to convince everyone to join the European Super League. 

You w‚Ä¶",0,2021-07-27 23:23:38
4,"RT @MayowaQuadri_: I knew something was up when Florentino P√©rez was trying to convince everyone to join the European Super League. 

You w‚Ä¶",0,2021-07-27 23:23:09
5,RT @TheoPaphitis4: @lufc_jake14 @PoliticsForAlI @Ground_app Burnley and Leeds sign agreement to stop European super league.,0,2021-07-27 23:22:35
6,"RT @IPreserver: Here we go... EU Digital Covid Certificate. 

Let‚Äôs see if there‚Äôs as much outrage over this as there was over the silly Eu‚Ä¶",0,2021-07-27 23:10:29
7,RT @UtdDistrict: üóû #mufc are finalising plans for a new fan advisory board as part of the Glazer family‚Äôs bid to improve relations between‚Ä¶,0,2021-07-27 23:04:31
8,No wonder Florentino Perez and other goons wanted the European Super league to happen so badly. I also wanted it to‚Ä¶ https://t.co/1xsqlg2Huf,0,2021-07-27 23:00:42
9,"RT @MayowaQuadri_: I knew something was up when Florentino P√©rez was trying to convince everyone to join the European Super League. 

You w‚Ä¶",0,2021-07-27 22:32:15
10,I knew something was up when Florentino P√©rez was trying to convince everyone to join the European Super League.‚Ä¶ https://t.co/rUALsWAnu7,23,2021-07-27 22:30:17
11,@theMadridZone @ElTransistorOC From European Super League Elites to Sunday League Pimps #RealMadrid #rmalive,0,2021-07-27 22:23:47
12,"RT @VidsVilla: @SoccerAM ü§Æ Looks like Sky Sports are promoting the ideals of the ""European Super League"", which they were against months ag‚Ä¶",0,2021-07-27 21:45:28
13,"@SoccerAM ü§Æ Looks like Sky Sports are promoting the ideals of the ""European Super League"", which they were against‚Ä¶ https://t.co/6pK2rmuuAX",2,2021-07-27 21:40:07
14,@TyBracey Here's what happened Ty  https://t.co/kB3NK6yjJ3,0,2021-07-27 21:35:39
15,@realmadrid @raphaelvarane @LigadeCampeones @LaLiga Wish Madrid the best of luck in this year‚Äôs European Super League üëç,0,2021-07-27 21:35:11
16,"RT @IPreserver: Here we go... EU Digital Covid Certificate. 

Let‚Äôs see if there‚Äôs as much outrage over this as there was over the silly Eu‚Ä¶",0,2021-07-27 21:21:54
17,"RT @IPreserver: Here we go... EU Digital Covid Certificate. 

Let‚Äôs see if there‚Äôs as much outrage over this as there was over the silly Eu‚Ä¶",0,2021-07-27 21:12:12
18,"RT @IPreserver: Here we go... EU Digital Covid Certificate. 

Let‚Äôs see if there‚Äôs as much outrage over this as there was over the silly Eu‚Ä¶",0,2021-07-27 20:49:42
19,Normally at this time of the season I‚Äôd be loving the new signings and preordering shirts but the European Super Le‚Ä¶ https://t.co/ODx6rZjb25,0,2021-07-27 20:44:57
20,So all of you who didn't support your club in the European Super League saga are now seeing the consequences of you‚Ä¶ https://t.co/sTh5huptV8,0,2021-07-27 20:40:42
21,@thegrant_ksu gonna go back and read European Super League Twitter :'(,1,2021-07-27 20:40:41
22,"RT @IPreserver: Here we go... EU Digital Covid Certificate. 

Let‚Äôs see if there‚Äôs as much outrage over this as there was over the silly Eu‚Ä¶",0,2021-07-27 20:14:05
23,"RT @IPreserver: Here we go... EU Digital Covid Certificate. 

Let‚Äôs see if there‚Äôs as much outrage over this as there was over the silly Eu‚Ä¶",0,2021-07-27 20:04:52
24,"Here we go... EU Digital Covid Certificate. 

Let‚Äôs see if there‚Äôs as much outrage over this as there was over the‚Ä¶ https://t.co/NrD6hAONs1",7,2021-07-27 20:03:31
25,European Super League would have helped Real Madrid and Barca cope with the financial mess. But everyone was agains‚Ä¶ https://t.co/tvmXaD3VbI,0,2021-07-27 19:59:18
26,@Brettmorey1 European Super League 2.0,0,2021-07-27 19:58:39
27,It's also good to see that the European Super League stuff has kicked these big teams asses into gear! Man United l‚Ä¶ https://t.co/IWQ1ea1b1J,1,2021-07-27 19:41:42
28,Would Madrid have kept Ramos and Varane if the European Super League got the go-ahead?,0,2021-07-27 19:39:19
29,@AtTheRaces @RacingLeagueUK @kevinblake2011 Like asking Ed Woodward what are the pro‚Äôs of the European Super League‚Ä¶ https://t.co/PFgpl2zPTj,1,2021-07-27 19:37:08
30,@jhackett__ All as a result of the European ‚Äú super‚Äù league being kicked into touch,1,2021-07-27 19:31:06
31,#TheHundred is crickets version of the European super league. Its entertaining but at what cost? I'm sure it will m‚Ä¶ https://t.co/huH14qWNI9,0,2021-07-27 19:30:31
32,@iannlou After the European Super League fiasco I doubt La Liga will be that accommodating. More likely they will w‚Ä¶ https://t.co/YKW8xxLQtf,1,2021-07-27 19:08:03
33,"RT @Herring1967: European Super League of self-playing snooker on in 8 minutes. Live and exclusive https://t.co/XwFiirtdkN
Sponsored by @du‚Ä¶",0,2021-07-27 18:55:00
34,"European Super League of self-playing snooker on in 8 minutes. Live and exclusive https://t.co/XwFiirtdkN
Sponsored‚Ä¶ https://t.co/utD39NSCZt",5,2021-07-27 18:53:39
35,"RT @ChrisVannini: The fan backlash to the European Super League was truly inspiring. Tradition mattered. Local rivalries mattered. 

It‚Äôs c‚Ä¶",0,2021-07-27 18:53:07
36,"RT @ChrisVannini: The fan backlash to the European Super League was truly inspiring. Tradition mattered. Local rivalries mattered. 

It‚Äôs c‚Ä¶",0,2021-07-27 18:40:54
37,"RT @ESPNFC: Florentino Perez has hit back at threats from UEFA and FIFA, claiming the European Super League will save football.

(via @elch‚Ä¶",0,2021-07-27 18:39:10
38,"RT @ChrisVannini: The fan backlash to the European Super League was truly inspiring. Tradition mattered. Local rivalries mattered. 

It‚Äôs c‚Ä¶",0,2021-07-27 18:37:30
39,"RT @ChrisVannini: The fan backlash to the European Super League was truly inspiring. Tradition mattered. Local rivalries mattered. 

It‚Äôs c‚Ä¶",0,2021-07-27 18:35:53
40,All thanks to European Super League Disaster that Glazers are delivering these signings of @Sanchooo10 and Varane t‚Ä¶ https://t.co/gwI0FHuTnX,6,2021-07-27 18:26:19
41,It was called European Super League &amp; we saw how that panned out. https://t.co/LIjqUMJkJZ,0,2021-07-27 18:25:06
42,I always find it funny how the Prem fans were so firmly against the idea of a European super league. But they‚Äôre mo‚Ä¶ https://t.co/Xa6XKl3xBt,4,2021-07-27 18:22:08
43,@gavreilly This European super league has been the best thing that‚Äôs ever happened United... the glazers were right üòÇüòÇüòÇüôàüôàüôàüôà,0,2021-07-27 18:01:29
44,"@21Occ @sujoy_pritam What's 19th placed serie A and la Liga teams earn anyway?
And it's for a reason big clubs gone‚Ä¶ https://t.co/Lc05WomZie",0,2021-07-27 17:54:42
45,Blame the fans out protesting against a European super league https://t.co/dfM6DN09Xz,0,2021-07-27 17:04:10
46,Source tells me Bayern Munich have refused to enter the European Super League,0,2021-07-27 17:01:25
47,"The premier league might lowkey be turning into a european super league you know, every big transfer minus PSG has been in the prem so far.",0,2021-07-27 17:00:00
48,Getting organised and taking action is the best way to move the world forward. You want to take action on the Europ‚Ä¶ https://t.co/j7y8Vov6wJ,0,2021-07-27 16:47:01
49,The European Super League everyone feared in soccer is 10000% coming to college football.,0,2021-07-27 15:57:46
50,@SS19642 Yep weren‚Äôt so long ago they were all against the so called top six because of the European super league,1,2021-07-27 15:38:32
51,The SEC is actually becoming what the European Super League wanted to be and Texas is Tottenham https://t.co/7BWbHGSMq9,2,2021-07-27 15:35:05
52,"@SoccerAM you can go ahead and delete your anti-European Super League tweets you weird, pandering parasites. clearl‚Ä¶ https://t.co/32iotks3je",7,2021-07-27 15:25:41
53,@FinPlanKaluAja1 European Super League,0,2021-07-27 15:00:33
54,"Earlier this year, I hated the idea of a European Super League because it was a few teams acting solely in their ow‚Ä¶ https://t.co/UrH3XgpcJx",0,2021-07-27 14:59:05
55,Feels like the SEC is close to pulling a European Super League type of move https://t.co/sYvOeOUdfW,0,2021-07-27 14:57:42
56,@Antcon7062 McConville and others want anybody that loses by more than 2 points to be put in a micky mouse all Irel‚Ä¶ https://t.co/xmpBCy4zY0,1,2021-07-27 14:39:10
57,"April, Eddie Hearn said of the European Super League: ""It takes away that passion from the supporter."" 

Today, on‚Ä¶ https://t.co/otOyyiYjg2",2,2021-07-27 14:01:46
58,@Busfield @stu_boy @MichaelVaughan @IPL you're comparing the European Super league to a franchised domestic cricket‚Ä¶ https://t.co/24N3VUcPgD,0,2021-07-27 13:57:53
59,"Can the fans of clubs in Germany, France, Italy and Spain sign a global petition for a continental European Super L‚Ä¶ https://t.co/6VhJ2ka2xj",1,2021-07-27 13:55:10
60,@MartyMcFly1001 @stu_boy @MichaelVaughan @IPL I presume you were also a fan of the European Super League? Who needs‚Ä¶ https://t.co/BCSQ10Y7GA,0,2021-07-27 13:47:50
61,"@colej9379 @LUFC Your are shitting it you idiot 4.2 loss in week to qpr,, you full well know we are the best attack‚Ä¶ https://t.co/mmJlF1AyXe",3,2021-07-27 13:16:21
62,@muzukulu01 @Sebunyashahabu2 Man..that's why they badly needed the European super league..they will never resurrect,0,2021-07-27 12:57:48
63,@ricspeake @DavidKHopps Well if I had said exactly that as a justification for the European Super League I doubt yo‚Ä¶ https://t.co/T1EXd8M8wp,4,2021-07-27 12:49:22
64,"RT @latelateshow: James reacts to the European Super League news:

""It's the end of the sport we love. It truly is."" https://t.co/IOZW8zMjRD",0,2021-07-27 12:43:50
65,RT @paul_c_watson: At least the 18-24 year olds will have loved how quick the European Super League was. https://t.co/93Jdp8YGqG,0,2021-07-27 12:43:39
66,@UTDMaddox Burnley and leeds come together to end European super league,1,2021-07-27 12:41:06
67,@KatyMowat @stumat or other innovations like the European Super League which was soon chased down the street.  Sky‚Ä¶ https://t.co/6qL6rRyjtC,1,2021-07-27 12:29:05
68,@ricspeake @DavidKHopps What‚Äôs not to like is the damage being done to county cricket. Think about why you opposed‚Ä¶ https://t.co/gYGapEJD2I,16,2021-07-27 12:22:10
69,"RT @Herring1967: Me11 in action again tonight in European Super League of Self-Playing snooker, plus the two players who have yet to regist‚Ä¶",0,2021-07-27 12:19:51
70,"RT @bankelele: @RiazGilani During the European super league breakaway scare, the restrictions were lifted to allow fans to complain, then r‚Ä¶",0,2021-07-27 10:59:53
71,"RT @Herring1967: Me11 in action again tonight in European Super League of Self-Playing snooker, plus the two players who have yet to regist‚Ä¶",0,2021-07-27 10:59:21
72,"RT @Herring1967: Me11 in action again tonight in European Super League of Self-Playing snooker, plus the two players who have yet to regist‚Ä¶",0,2021-07-27 10:51:28
73,"Me11 in action again tonight in European Super League of Self-Playing snooker, plus the two players who have yet to‚Ä¶ https://t.co/RY3Mu8VZvk",10,2021-07-27 10:28:06
74,"@RiazGilani During the European super league breakaway scare, the restrictions were lifted to allow fans to complai‚Ä¶ https://t.co/S3nqBenLkB",2,2021-07-27 10:26:07
75,@kevinblake2011 @AtTheRaces It absolutely stinks of the European Super League in football a few months ago that wen‚Ä¶ https://t.co/DTmy1ebMbA,2,2021-07-27 10:07:22
76,RT @TheoPaphitis4: @lufc_jake14 @PoliticsForAlI @Ground_app Burnley and Leeds sign agreement to stop European super league.,0,2021-07-27 10:05:57
77,RT @TelegraphDucker: #MUFC are finalising plans for a new fan advisory board &amp; advancing discussions over a fan share scheme in the cleares‚Ä¶,0,2021-07-27 10:03:34
78,United board buying big to appease the fans but never forget those bastards were prepared to sell your clubs histor‚Ä¶ https://t.co/J55x6hgDWq,2,2021-07-27 09:58:22
79,RT @JaacksHappyHour: Upon hearing news that the Sidemen are doing a charity match... we decided to put together a Happy Hour FC Squad based‚Ä¶,0,2021-07-27 09:43:50
80,"@Warwicktweets I'm English and it's shameful, there should be no debate, the protocol needs scrapping, its an insul‚Ä¶ https://t.co/XmPLQdlIRs",0,2021-07-27 09:19:16
81,RT @anthonytbroome: It blows my mind that months ago people were appalled at the idea of the European Super League but in America with coll‚Ä¶,0,2021-07-27 08:45:20
82,European Super League https://t.co/4RMUm060MP,0,2021-07-27 08:32:05
83,"RT @SwissRamble: The daunting #FCBarcelona financial challenges help explain why they wanted to be part of the European Super League, espec‚Ä¶",0,2021-07-27 08:20:34
84,"RT @MSHopkins4: Just announced, that you can't attend any Premier League football matches, if you haven't had the 'shots' by October! Now A‚Ä¶",0,2021-07-27 08:07:31
85,RT @TelegraphDucker: #MUFC are finalising plans for a new fan advisory board &amp; advancing discussions over a fan share scheme in the cleares‚Ä¶,0,2021-07-27 07:27:39
86,"@andyliverbird @JotaBelieveIt I want FSG out because they tried to raise ticket prices, trademark Liverpool, furlou‚Ä¶ https://t.co/jSUetVyWUQ",1,2021-07-27 07:26:07
87,@andyliverbird @JotaBelieveIt I completely agree with you on FSG needing to fix the relationship between them and t‚Ä¶ https://t.co/ShulWsTc0Q,1,2021-07-27 07:24:05
88,RT @TheoPaphitis4: @lufc_jake14 @PoliticsForAlI @Ground_app Burnley and Leeds sign agreement to stop European super league.,0,2021-07-27 07:06:33
89,"This could be a sign the Glazers mean business, having been sparked into action by the European Super League debacl‚Ä¶ https://t.co/2Yw7CmhMjq",0,2021-07-27 06:58:40
90,"This could be a sign the Glazers mean business, having been sparked into action by the European Super League debacl‚Ä¶ https://t.co/IMHqdSxf97",0,2021-07-27 06:58:39
91,RT @JaacksHappyHour: Upon hearing news that the Sidemen are doing a charity match... we decided to put together a Happy Hour FC Squad based‚Ä¶,0,2021-07-27 06:29:29
92,They starved us since 2007 so there‚Äôs no gratitude towards them if it were not for them failing to launch the Europ‚Ä¶ https://t.co/QNIwlbW5ej,7,2021-07-27 06:08:46
93,RT @JaacksHappyHour: Upon hearing news that the Sidemen are doing a charity match... we decided to put together a Happy Hour FC Squad based‚Ä¶,0,2021-07-27 05:09:12
94,"RT @ChrisVannini: The fan backlash to the European Super League was truly inspiring. Tradition mattered. Local rivalries mattered. 

It‚Äôs c‚Ä¶",0,2021-07-27 05:04:10
95,"RT @MSHopkins4: Just announced, that you can't attend any Premier League football matches, if you haven't had the 'shots' by October! Now A‚Ä¶",0,2021-07-27 04:15:33
96,"RT @ChrisVannini: The fan backlash to the European Super League was truly inspiring. Tradition mattered. Local rivalries mattered. 

It‚Äôs c‚Ä¶",0,2021-07-27 04:01:42
97,"European Super League..

Damn",3,2021-07-27 03:42:47
98,"@ManUtd don't you dare sleep on us y'all said you were a ""Super Team"" and were ready to join a European Super Leagu‚Ä¶ https://t.co/7k2FL8FNTV",0,2021-07-27 03:02:57
99,"I‚Äôm so glad the European Super League didn‚Äôt go ahead, I know it‚Äôs random, but every day I am glad it didn‚Äôt go ahead #NoToSuperLeague",1,2021-07-27 02:49:47
130,"It's just like that European super league crap, sure the games might be fun but it destroys the spirit of the game it just goes full NFL",1,2021-07-27 02:32:12
131,"RT @ChrisVannini: The fan backlash to the European Super League was truly inspiring. Tradition mattered. Local rivalries mattered. 

It‚Äôs c‚Ä¶",0,2021-07-27 02:29:35
132,@YoMrBogus It was a similar argument against the European Super League that was proposed a few months ago as it wou‚Ä¶ https://t.co/w2ATETPNGH,0,2021-07-27 02:03:55
133,@bryce_koon @thecrowdedbooth European Super League beware,1,2021-07-27 01:51:45
134,"@mattySP__ @SpursManDan @jonathanliew Not just that, bring in the European Super League. All other football comps world wide should cease.",3,2021-07-27 01:27:05
135,"RT @SwissRamble: Furthermore, #FCBarcelona revenue dropped ‚Ç¨126m (15%) in 2020 , the second highest reduction in absolute terms of the ‚ÄúEur‚Ä¶",0,2021-07-27 01:26:48
136,"RT @ChrisVannini: The fan backlash to the European Super League was truly inspiring. Tradition mattered. Local rivalries mattered. 

It‚Äôs c‚Ä¶",0,2021-07-27 01:08:54
137,"RT @ChrisVannini: The fan backlash to the European Super League was truly inspiring. Tradition mattered. Local rivalries mattered. 

It‚Äôs c‚Ä¶",0,2021-07-27 00:42:04
138,"RT @ChrisVannini: The fan backlash to the European Super League was truly inspiring. Tradition mattered. Local rivalries mattered. 

It‚Äôs c‚Ä¶",0,2021-07-27 00:21:09
139,RT @JaacksHappyHour: Upon hearing news that the Sidemen are doing a charity match... we decided to put together a Happy Hour FC Squad based‚Ä¶,0,2021-07-27 00:09:49
140,"@GabeDuverge It's really funny to me how this is all literally the same European Super League tactics, but it's jus‚Ä¶ https://t.co/gXwOfZSa78",0,2021-07-27 00:06:54
141,@el_mansfield @AntSweeney Just like the ‚ÄúEuropean Super League‚Äù then. No one knew about it &amp; Bang talks were well u‚Ä¶ https://t.co/tpoPfvX9GW,0,2021-07-27 00:05:41
142,"RT @SwissRamble: The daunting #FCBarcelona financial challenges help explain why they wanted to be part of the European Super League, espec‚Ä¶",0,2021-07-26 23:59:12
143,RT @JaacksHappyHour: Upon hearing news that the Sidemen are doing a charity match... we decided to put together a Happy Hour FC Squad based‚Ä¶,0,2021-07-26 23:57:01
144,"RT @SwissRamble: Furthermore, #FCBarcelona revenue dropped ‚Ç¨126m (15%) in 2020 , the second highest reduction in absolute terms of the ‚ÄúEur‚Ä¶",0,2021-07-26 23:53:58
145,RT @JaacksHappyHour: Upon hearing news that the Sidemen are doing a charity match... we decided to put together a Happy Hour FC Squad based‚Ä¶,0,2021-07-26 23:48:55
146,Who‚Äôs to say that this won‚Äôt end like the proposed European Super-league a few months ago?,0,2021-07-26 23:45:57
147,RT @JaacksHappyHour: Upon hearing news that the Sidemen are doing a charity match... we decided to put together a Happy Hour FC Squad based‚Ä¶,0,2021-07-26 23:41:08
148,RT @tkaur25: He still waiting on that European Super League money to bail him out https://t.co/GC71VQLxNu,0,2021-07-26 23:30:36
149,@osbornejamie @RacingLeagueUK Didn‚Äôt football just try and do a similar thing with the European super league it was‚Ä¶ https://t.co/k3Lt89WnsB,3,2021-07-26 23:17:44
150,RT @JaacksHappyHour: Upon hearing news that the Sidemen are doing a charity match... we decided to put together a Happy Hour FC Squad based‚Ä¶,0,2021-07-26 23:13:46
151,RT @UtdDistrict: üóû #mufc are finalising plans for a new fan advisory board as part of the Glazer family‚Äôs bid to improve relations between‚Ä¶,0,2021-07-26 23:03:26
152,"Man Utd doing some good business in the transfer market this year &amp; no one has mentioned the reason why.

No guessi‚Ä¶ https://t.co/fYbIYNCoiM",0,2021-07-26 22:48:01
153,@kevinblake2011 @Donolphin31 @KchurchyK @AtTheRaces TBH racing doesn‚Äôt give a toss about ‚Äòsmaller‚Äô yards/horses. Th‚Ä¶ https://t.co/cb2VloV4Tt,1,2021-07-26 22:42:07
154,RT @sportslawyers: Join our panel of legal experts for a webinar on international soccer about the rise and fall of the proposed European S‚Ä¶,0,2021-07-26 22:30:36
155,@BTragett @sproston_rob @MarkLen29818673 @MichaelVaughan @MattersCounty The Hundred is fine to fans because most pe‚Ä¶ https://t.co/MFTYcTQ0TA,1,2021-07-26 22:28:38
156,RT @TelegraphDucker: #MUFC are finalising plans for a new fan advisory board &amp; advancing discussions over a fan share scheme in the cleares‚Ä¶,0,2021-07-26 22:19:14
157,RT @JaacksHappyHour: Upon hearing news that the Sidemen are doing a charity match... we decided to put together a Happy Hour FC Squad based‚Ä¶,0,2021-07-26 22:11:36
158,"RT @SwissRamble: The daunting #FCBarcelona financial challenges help explain why they wanted to be part of the European Super League, espec‚Ä¶",0,2021-07-26 21:56:43
159,"RT @SwissRamble: Furthermore, #FCBarcelona revenue dropped ‚Ç¨126m (15%) in 2020 , the second highest reduction in absolute terms of the ‚ÄúEur‚Ä¶",0,2021-07-26 21:55:15
160,His master plan is European Super League &amp; insallah https://t.co/yxFLC9W1fy,0,2021-07-26 21:47:02
161,RT @anthonytbroome: It blows my mind that months ago people were appalled at the idea of the European Super League but in America with coll‚Ä¶,0,2021-07-26 21:42:04
162,"RT @ChrisVannini: The fan backlash to the European Super League was truly inspiring. Tradition mattered. Local rivalries mattered. 

It‚Äôs c‚Ä¶",0,2021-07-26 21:40:09
163,RT @TheoPaphitis4: @lufc_jake14 @PoliticsForAlI @Ground_app Burnley and Leeds sign agreement to stop European super league.,0,2021-07-26 21:31:52
164,RT @TheoPaphitis4: @lufc_jake14 @PoliticsForAlI @Ground_app Burnley and Leeds sign agreement to stop European super league.,0,2021-07-26 21:29:15
165,RT @TelegraphDucker: #MUFC are finalising plans for a new fan advisory board &amp; advancing discussions over a fan share scheme in the cleares‚Ä¶,0,2021-07-26 21:28:23
166,RT @anthonytbroome: It blows my mind that months ago people were appalled at the idea of the European Super League but in America with coll‚Ä¶,0,2021-07-26 21:15:34
167,The European Super League was a good idea,12,2021-07-26 21:14:24
168,@XavsFutbol Reason he initiated the European super league...,0,2021-07-26 21:13:42
169,"Varane to seal move to United, statement of intent from the hierarchy. But is this the back of European Super Leagu‚Ä¶ https://t.co/4xqvRgFFHb",0,2021-07-26 21:10:38
170,"@jigster9 @SwissRamble I like Swiss ramble,you get good articles from them,you can see why barca wanted a European‚Ä¶ https://t.co/NVl8R0nUq9",1,2021-07-26 21:02:24
171,RT @TheoPaphitis4: @lufc_jake14 @PoliticsForAlI @Ground_app Burnley and Leeds sign agreement to stop European super league.,0,2021-07-26 20:55:33
172,RT @TheoPaphitis4: @lufc_jake14 @PoliticsForAlI @Ground_app Burnley and Leeds sign agreement to stop European super league.,0,2021-07-26 20:53:19
173,@Biffarinho @P_Wcricket @MichaelVaughan So ironic to see someone with your header mock and dismiss the concerns of‚Ä¶ https://t.co/AMs6r30XKm,0,2021-07-26 20:47:57
174,RT @tkaur25: He still waiting on that European Super League money to bail him out,0,2021-07-26 20:46:50
175,@lufc_jake14 @PoliticsForAlI @Ground_app Burnley and Leeds sign agreement to stop European super league.,517,2021-07-26 20:42:31
176,Join our panel of legal experts for a webinar on international soccer about the rise and fall of the proposed Europ‚Ä¶ https://t.co/D1dsnagZKN,1,2021-07-26 20:15:06
177,RT @BTLvid: Three months after the anger over the European Super League caused Manchester United fans to infiltrate Old Trafford and clash‚Ä¶,0,2021-07-26 20:14:59
178,That whole European super league a real life example of what college football is heading towards. Been saying it fo‚Ä¶ https://t.co/32ARARtlLi,4,2021-07-26 20:12:39
179,RT @JaacksHappyHour: Upon hearing news that the Sidemen are doing a charity match... we decided to put together a Happy Hour FC Squad based‚Ä¶,0,2021-07-26 20:05:18
180,@muddassirjourno I don‚Äôt think Madrid is the draw it was mate at the moment. Need a change of the ownership. Don‚Äôt‚Ä¶ https://t.co/K6TRNL7WjA,0,2021-07-26 20:03:33
181,@QuinneyUte The better comparison might be would one still watch if Arsenal had joined the European Super League?,1,2021-07-26 19:51:15
182,"European Super League, thank you very much.üòÇ
You triggered this spending.
Manchester united fans everywhere‚Ä¶ https://t.co/UVcueVo7tJ",1,2021-07-26 19:49:32
183,@OleMissFB European Super League type beat.,0,2021-07-26 19:48:22
184,RT @UtdDistrict: üóû #mufc are finalising plans for a new fan advisory board as part of the Glazer family‚Äôs bid to improve relations between‚Ä¶,0,2021-07-26 19:46:34
185,Sky Documentaries commissions thrilling European Super League documentary with exclusive access https://t.co/dIcICYbcM3,0,2021-07-26 19:43:55
186,In a way that whole European super league fiasco was the best thing that could have happened to us,0,2021-07-26 19:40:10
187,RT @TelegraphDucker: #MUFC are finalising plans for a new fan advisory board &amp; advancing discussions over a fan share scheme in the cleares‚Ä¶,0,2021-07-26 19:34:01
188,RT @JaacksHappyHour: Upon hearing news that the Sidemen are doing a charity match... we decided to put together a Happy Hour FC Squad based‚Ä¶,0,2021-07-26 19:31:10
189,"RT @OvieO: I must say @ManUtd ‚Äòs response to the European Super League fiasco has been the best of all the clubs involved. 

Owner meeting‚Ä¶",0,2021-07-26 19:27:53
190,"RT @OvieO: I must say @ManUtd ‚Äòs response to the European Super League fiasco has been the best of all the clubs involved. 

Owner meeting‚Ä¶",0,2021-07-26 19:27:06
191,"I must say @ManUtd ‚Äòs response to the European Super League fiasco has been the best of all the clubs involved. 

O‚Ä¶ https://t.co/zyX6EW9Czc",40,2021-07-26 19:25:27
192,RT @JaacksHappyHour: Upon hearing news that the Sidemen are doing a charity match... we decided to put together a Happy Hour FC Squad based‚Ä¶,0,2021-07-26 19:23:43
193,RT @JaacksHappyHour: Upon hearing news that the Sidemen are doing a charity match... we decided to put together a Happy Hour FC Squad based‚Ä¶,0,2021-07-26 19:20:16
194,"RT @MSHopkins4: Just announced, that you can't attend any Premier League football matches, if you haven't had the 'shots' by October! Now A‚Ä¶",0,2021-07-26 19:19:56
195,This pretty much the reason the European Super League exists? https://t.co/1AdNFMHZtJ,0,2021-07-26 19:17:43
196,RT @UtdDistrict: üóû #mufc are finalising plans for a new fan advisory board as part of the Glazer family‚Äôs bid to improve relations between‚Ä¶,0,2021-07-26 19:17:16
197,RT @JaacksHappyHour: Upon hearing news that the Sidemen are doing a charity match... we decided to put together a Happy Hour FC Squad based‚Ä¶,0,2021-07-26 19:12:45
198,RT @JaacksHappyHour: Upon hearing news that the Sidemen are doing a charity match... we decided to put together a Happy Hour FC Squad based‚Ä¶,0,2021-07-26 19:10:17
199,RT @JaacksHappyHour: Upon hearing news that the Sidemen are doing a charity match... we decided to put together a Happy Hour FC Squad based‚Ä¶,0,2021-07-26 19:09:54
200,@SekuruRoddie @AlekeMukunga @ngungunyana @garweh2011 @vargoe21 @PhilipMtserwa @PatBanda23 @Mutape88 @W3Zhira‚Ä¶ https://t.co/jyzPxUBehu,2,2021-07-26 11:55:35
201,"@UEFA It's a European Super League, but it's OK because it's a UEFA European Super League.",3,2021-07-26 11:36:58
202,Barca are f***ed. No wonder they were so desperate for European super league https://t.co/2vCdHUXgad,0,2021-07-26 11:32:59
203,"RT @SwissRamble: The daunting #FCBarcelona financial challenges help explain why they wanted to be part of the European Super League, espec‚Ä¶",0,2021-07-26 11:29:58
204,@AtTheRaces @joshapiafi @RacingLeagueUK @skysportsAlexH @LeonnaMayor @BumbleCricket @Rosie_Tapner Welcome to racing‚Ä¶ https://t.co/UCOvYsLJWn,0,2021-07-26 11:05:30
205,"RT @PetejPjvale: European super league OUTRAGE , medical apartheid through vax passports silence . Fan groups #MUFC #LFC #Chelsea #Spurs #M‚Ä¶",0,2021-07-26 11:01:00
206,@woodsphil @BorisJohnson @TeamGB Because he will claim it's because of brexit they won. Just like his regurgitation‚Ä¶ https://t.co/DEwFA4cW6H,0,2021-07-26 10:46:38
207,"European super league OUTRAGE , medical apartheid through vax passports silence . Fan groups #MUFC #LFC #Chelsea‚Ä¶ https://t.co/dYugh4mFFd",0,2021-07-26 10:45:58
208,"RT @SwissRamble: Furthermore, #FCBarcelona revenue dropped ‚Ç¨126m (15%) in 2020 , the second highest reduction in absolute terms of the ‚ÄúEur‚Ä¶",0,2021-07-26 10:42:08
209,"RT @GrizzKhan: Congratulations to @ManUtd 
The only team to be knocked out of the Champions league , Europa league and European super leagu‚Ä¶",0,2021-07-26 10:35:50
210,"RT @MSHopkins4: Just announced, that you can't attend any Premier League football matches, if you haven't had the 'shots' by October! Now A‚Ä¶",0,2021-07-26 10:32:26
211,"RT @MrPoncho_83: Talk that Varane to United is close and  then we'll look to bring in a midfielder

If all this happens, the Glazers can st‚Ä¶",0,2021-07-26 10:25:54
212,"RT @SwissRamble: The daunting #FCBarcelona financial challenges help explain why they wanted to be part of the European Super League, espec‚Ä¶",0,2021-07-26 10:18:35
213,"RT @SwissRamble: Furthermore, #FCBarcelona revenue dropped ‚Ç¨126m (15%) in 2020 , the second highest reduction in absolute terms of the ‚ÄúEur‚Ä¶",0,2021-07-26 10:16:13
214,"Talk that Varane to United is close and  then we'll look to bring in a midfielder

If all this happens, the Glazers‚Ä¶ https://t.co/w7cukGY5s6",0,2021-07-26 10:13:01
215,"RT @SwissRamble: Furthermore, #FCBarcelona revenue dropped ‚Ç¨126m (15%) in 2020 , the second highest reduction in absolute terms of the ‚ÄúEur‚Ä¶",0,2021-07-26 10:12:29
216,"RT @MSHopkins4: Just announced, that you can't attend any Premier League football matches, if you haven't had the 'shots' by October! Now A‚Ä¶",0,2021-07-26 10:11:35
217,RT @Donttalksquit: This is why they (and others) wanted the European Super League. Fuck all to do with saving football and all to do with t‚Ä¶,0,2021-07-26 10:08:57
218,"RT @SwissRamble: The daunting #FCBarcelona financial challenges help explain why they wanted to be part of the European Super League, espec‚Ä¶",0,2021-07-26 10:03:35
219,When United are getting Varane for ¬£45 million and Ramos leaves for PSG you realise just how much Real Madrid neede‚Ä¶ https://t.co/bWxxerdDg8,10,2021-07-26 10:02:48
220,"RT @SwissRamble: Furthermore, #FCBarcelona revenue dropped ‚Ç¨126m (15%) in 2020 , the second highest reduction in absolute terms of the ‚ÄúEur‚Ä¶",0,2021-07-26 10:02:29
221,"Both #Barca &amp; #RM have mismanaged themselves into fiscal chaos, this was surely their main drivers with creating th‚Ä¶ https://t.co/sKeopMoTiD",1,2021-07-26 10:00:52
222,"RT @SwissRamble: The daunting #FCBarcelona financial challenges help explain why they wanted to be part of the European Super League, espec‚Ä¶",0,2021-07-26 09:48:45
223,This is why they (and others) wanted the European Super League. Fuck all to do with saving football and all to do w‚Ä¶ https://t.co/P1gJrnzutq,1,2021-07-26 09:43:18
224,"RT @SwissRamble: Furthermore, #FCBarcelona revenue dropped ‚Ç¨126m (15%) in 2020 , the second highest reduction in absolute terms of the ‚ÄúEur‚Ä¶",0,2021-07-26 09:42:32
225,"RT @MSHopkins4: Just announced, that you can't attend any Premier League football matches, if you haven't had the 'shots' by October! Now A‚Ä¶",0,2021-07-26 09:39:56
226,@BeardedGenius @SwissRamble Why MUFC would have signed up to the European Super league whilst knowing this is extra‚Ä¶ https://t.co/Qnm7DoGkzr,0,2021-07-26 09:38:59
227,"RT @SwissRamble: The daunting #FCBarcelona financial challenges help explain why they wanted to be part of the European Super League, espec‚Ä¶",0,2021-07-26 09:33:48
228,@RacingTV @GrantTuerRacing @MusselburghRace @_tomstanley_ The Racing League should have been stopped at inception i‚Ä¶ https://t.co/oT27fidc7Q,4,2021-07-26 09:33:37
229,"RT @SwissRamble: The daunting #FCBarcelona financial challenges help explain why they wanted to be part of the European Super League, espec‚Ä¶",0,2021-07-26 09:32:27
230,"RT @SwissRamble: Furthermore, #FCBarcelona revenue dropped ‚Ç¨126m (15%) in 2020 , the second highest reduction in absolute terms of the ‚ÄúEur‚Ä¶",0,2021-07-26 09:30:56
231,"RT @MSHopkins4: Just announced, that you can't attend any Premier League football matches, if you haven't had the 'shots' by October! Now A‚Ä¶",0,2021-07-26 09:26:58
232,"RT @SwissRamble: Furthermore, #FCBarcelona revenue dropped ‚Ç¨126m (15%) in 2020 , the second highest reduction in absolute terms of the ‚ÄúEur‚Ä¶",0,2021-07-26 09:15:16
233,RT @calciocarl: If only they could form a European Super League to bail them out.,0,2021-07-26 09:14:14
234,If only they could form a European Super League to bail them out. https://t.co/SZbAVYgJlI,24,2021-07-26 09:12:54
235,"RT @MSHopkins4: Just announced, that you can't attend any Premier League football matches, if you haven't had the 'shots' by October! Now A‚Ä¶",0,2021-07-26 09:06:29
236,Had infinitely more energy trying to take down the European Super League. But that‚Äôs to be expected from a ‚Äúman‚Äù wh‚Ä¶ https://t.co/3mDtV0I03H,0,2021-07-26 08:59:41
237,@talkSPORT Although he has signed high profile players  but at the time when we needed the right players at the rig‚Ä¶ https://t.co/CCZIibnwSW,0,2021-07-26 08:59:05
238,"RT @SwissRamble: The daunting #FCBarcelona financial challenges help explain why they wanted to be part of the European Super League, espec‚Ä¶",0,2021-07-26 08:58:33
239,"RT @SwissRamble: The daunting #FCBarcelona financial challenges help explain why they wanted to be part of the European Super League, espec‚Ä¶",0,2021-07-26 08:58:05
240,RT @kjsceskream: European football mourns as Europe's top 12 leading football clubs have agreed to join the European Super League. Accordin‚Ä¶,0,2021-07-26 08:53:42
241,"RT @JamesTWakefield: @UpNorthProds @ShrimpsOfficial @EFL @ColinMurray ‚ÄúMorecambe are, quite simply, everything a European Super League isn‚Äô‚Ä¶",0,2021-07-26 08:51:50
242,It's hilarious English clubs jumped into bed with these lot (and other skint Spanish and Italian clubs) for the Eur‚Ä¶ https://t.co/rXU93amlMM,0,2021-07-26 08:48:32
243,"RT @MSHopkins4: Just announced, that you can't attend any Premier League football matches, if you haven't had the 'shots' by October! Now A‚Ä¶",0,2021-07-26 08:46:02
244,"RT @SwissRamble: The daunting #FCBarcelona financial challenges help explain why they wanted to be part of the European Super League, espec‚Ä¶",0,2021-07-26 08:45:20
245,"RT @SwissRamble: The daunting #FCBarcelona financial challenges help explain why they wanted to be part of the European Super League, espec‚Ä¶",0,2021-07-26 08:43:28
246,"RT @MSHopkins4: Just announced, that you can't attend any Premier League football matches, if you haven't had the 'shots' by October! Now A‚Ä¶",0,2021-07-26 08:39:26
247,"RT @SwissRamble: Furthermore, #FCBarcelona revenue dropped ‚Ç¨126m (15%) in 2020 , the second highest reduction in absolute terms of the ‚ÄúEur‚Ä¶",0,2021-07-26 08:39:08
248,"RT @SwissRamble: Furthermore, #FCBarcelona revenue dropped ‚Ç¨126m (15%) in 2020 , the second highest reduction in absolute terms of the ‚ÄúEur‚Ä¶",0,2021-07-26 08:37:09
249,"RT @SwissRamble: Furthermore, #FCBarcelona revenue dropped ‚Ç¨126m (15%) in 2020 , the second highest reduction in absolute terms of the ‚ÄúEur‚Ä¶",0,2021-07-26 08:31:09
250,"RT @SwissRamble: The daunting #FCBarcelona financial challenges help explain why they wanted to be part of the European Super League, espec‚Ä¶",0,2021-07-26 08:30:26
251,"RT @SwissRamble: The daunting #FCBarcelona financial challenges help explain why they wanted to be part of the European Super League, espec‚Ä¶",0,2021-07-26 08:30:07
252,"RT @MSHopkins4: Just announced, that you can't attend any Premier League football matches, if you haven't had the 'shots' by October! Now A‚Ä¶",0,2021-07-26 08:18:01
253,"RT @RINDUNENEKK: Gabottt
#BatalkanPemindahanIbuKota Anies European Super League https://t.co/r7bAfhz415",0,2021-07-26 08:09:05
254,@RacingTV @GrantTuerRacing @MusselburghRace @_tomstanley_ Thought @_tomstanley_ was top drawer there too as don‚Äôt t‚Ä¶ https://t.co/zJsuPzTv4u,2,2021-07-26 08:08:38
255,"RT @MSHopkins4: Just announced, that you can't attend any Premier League football matches, if you haven't had the 'shots' by October! Now A‚Ä¶",0,2021-07-26 08:08:04
256,"@UpNorthProds @ShrimpsOfficial @EFL @ColinMurray ‚ÄúMorecambe are, quite simply, everything a European Super League i‚Ä¶ https://t.co/pcBbBhzsyX",9,2021-07-26 08:01:39
257,"RT @MSHopkins4: Just announced, that you can't attend any Premier League football matches, if you haven't had the 'shots' by October! Now A‚Ä¶",0,2021-07-26 07:59:37
258,"RT @MSHopkins4: Just announced, that you can't attend any Premier League football matches, if you haven't had the 'shots' by October! Now A‚Ä¶",0,2021-07-26 07:56:23
259,"RT @SwissRamble: The daunting #FCBarcelona financial challenges help explain why they wanted to be part of the European Super League, espec‚Ä¶",0,2021-07-26 07:53:15
260,"RT @MSHopkins4: Just announced, that you can't attend any Premier League football matches, if you haven't had the 'shots' by October! Now A‚Ä¶",0,2021-07-26 07:53:04
261,"RT @SwissRamble: The daunting #FCBarcelona financial challenges help explain why they wanted to be part of the European Super League, espec‚Ä¶",0,2021-07-26 07:50:11
262,"RT @SwissRamble: Furthermore, #FCBarcelona revenue dropped ‚Ç¨126m (15%) in 2020 , the second highest reduction in absolute terms of the ‚ÄúEur‚Ä¶",0,2021-07-26 07:40:00
263,"RT @SwissRamble: The daunting #FCBarcelona financial challenges help explain why they wanted to be part of the European Super League, espec‚Ä¶",0,2021-07-26 07:30:25
264,"RT @MSHopkins4: Just announced, that you can't attend any Premier League football matches, if you haven't had the 'shots' by October! Now A‚Ä¶",0,2021-07-26 07:30:21
265,"RT @SwissRamble: Furthermore, #FCBarcelona revenue dropped ‚Ç¨126m (15%) in 2020 , the second highest reduction in absolute terms of the ‚ÄúEur‚Ä¶",0,2021-07-26 07:03:11
266,"RT @SwissRamble: The daunting #FCBarcelona financial challenges help explain why they wanted to be part of the European Super League, espec‚Ä¶",0,2021-07-26 06:59:31
267,"RT @SwissRamble: The daunting #FCBarcelona financial challenges help explain why they wanted to be part of the European Super League, espec‚Ä¶",0,2021-07-26 06:53:13
268,"RT @SwissRamble: Furthermore, #FCBarcelona revenue dropped ‚Ç¨126m (15%) in 2020 , the second highest reduction in absolute terms of the ‚ÄúEur‚Ä¶",0,2021-07-26 06:53:13
269,"RT @MSHopkins4: Just announced, that you can't attend any Premier League football matches, if you haven't had the 'shots' by October! Now A‚Ä¶",0,2021-07-26 06:49:14
270,"RT @MSHopkins4: Just announced, that you can't attend any Premier League football matches, if you haven't had the 'shots' by October! Now A‚Ä¶",0,2021-07-26 06:48:56
271,"RT @MSHopkins4: Just announced, that you can't attend any Premier League football matches, if you haven't had the 'shots' by October! Now A‚Ä¶",0,2021-07-26 06:48:09
272,"RT @MSHopkins4: Just announced, that you can't attend any Premier League football matches, if you haven't had the 'shots' by October! Now A‚Ä¶",0,2021-07-26 06:42:33
273,"RT @SwissRamble: The daunting #FCBarcelona financial challenges help explain why they wanted to be part of the European Super League, espec‚Ä¶",0,2021-07-26 06:40:44
274,"RT @SwissRamble: The daunting #FCBarcelona financial challenges help explain why they wanted to be part of the European Super League, espec‚Ä¶",0,2021-07-26 06:39:10
275,"RT @SwissRamble: The daunting #FCBarcelona financial challenges help explain why they wanted to be part of the European Super League, espec‚Ä¶",0,2021-07-26 06:38:16
276,"RT @SwissRamble: Furthermore, #FCBarcelona revenue dropped ‚Ç¨126m (15%) in 2020 , the second highest reduction in absolute terms of the ‚ÄúEur‚Ä¶",0,2021-07-26 06:38:06
277,"RT @SwissRamble: The daunting #FCBarcelona financial challenges help explain why they wanted to be part of the European Super League, espec‚Ä¶",0,2021-07-26 06:37:28
278,"RT @SwissRamble: The daunting #FCBarcelona financial challenges help explain why they wanted to be part of the European Super League, espec‚Ä¶",0,2021-07-26 06:35:11
279,"RT @MSHopkins4: Just announced, that you can't attend any Premier League football matches, if you haven't had the 'shots' by October! Now A‚Ä¶",0,2021-07-26 06:35:10
280,"RT @SwissRamble: The daunting #FCBarcelona financial challenges help explain why they wanted to be part of the European Super League, espec‚Ä¶",0,2021-07-26 06:33:27
281,"RT @SwissRamble: The daunting #FCBarcelona financial challenges help explain why they wanted to be part of the European Super League, espec‚Ä¶",0,2021-07-26 06:32:01
282,"RT @SwissRamble: Furthermore, #FCBarcelona revenue dropped ‚Ç¨126m (15%) in 2020 , the second highest reduction in absolute terms of the ‚ÄúEur‚Ä¶",0,2021-07-26 06:30:52
283,"@JackPittBrooke The hundred has new teams, different rules and was on free to air tv. The European super league was‚Ä¶ https://t.co/AUFMDS3IRh",1,2021-07-26 06:26:18
284,The daunting #FCBarcelona financial challenges help explain why they wanted to be part of the European Super League‚Ä¶ https://t.co/Xq80CMSQ9T,129,2021-07-26 06:24:50
285,"RT @MSHopkins4: Just announced, that you can't attend any Premier League football matches, if you haven't had the 'shots' by October! Now A‚Ä¶",0,2021-07-26 06:17:04
286,"@Everton__Rose Don't knock it, it's more exclusive than the European Super League, with exactly as much legitimacy‚Ä¶ https://t.co/Z06MjiVvAc",0,2021-07-26 06:14:05
287,"Furthermore, #FCBarcelona revenue dropped ‚Ç¨126m (15%) in 2020 , the second highest reduction in absolute terms of t‚Ä¶ https://t.co/SgCsfJYnMI",226,2021-07-26 06:11:33
288,"RT @MSHopkins4: Just announced, that you can't attend any Premier League football matches, if you haven't had the 'shots' by October! Now A‚Ä¶",0,2021-07-26 05:50:16
289,"RT @MSHopkins4: Just announced, that you can't attend any Premier League football matches, if you haven't had the 'shots' by October! Now A‚Ä¶",0,2021-07-26 05:45:43
290,"RT @MSHopkins4: Just announced, that you can't attend any Premier League football matches, if you haven't had the 'shots' by October! Now A‚Ä¶",0,2021-07-26 05:44:05
291,"RT @MSHopkins4: Just announced, that you can't attend any Premier League football matches, if you haven't had the 'shots' by October! Now A‚Ä¶",0,2021-07-26 05:37:00
292,"RT @MSHopkins4: Just announced, that you can't attend any Premier League football matches, if you haven't had the 'shots' by October! Now A‚Ä¶",0,2021-07-26 05:32:18
293,"RT @MSHopkins4: Just announced, that you can't attend any Premier League football matches, if you haven't had the 'shots' by October! Now A‚Ä¶",0,2021-07-26 05:11:33
294,"RT @MSHopkins4: Just announced, that you can't attend any Premier League football matches, if you haven't had the 'shots' by October! Now A‚Ä¶",0,2021-07-26 04:52:25
295,"RT @MSHopkins4: Just announced, that you can't attend any Premier League football matches, if you haven't had the 'shots' by October! Now A‚Ä¶",0,2021-07-26 04:11:38
296,RT @SkySportsNews: Manchester United fans gathered in their thousands outside Old Trafford on Saturday to protest over the club's involveme‚Ä¶,0,2021-07-26 04:08:56
297,"European Super League 

Meet ü§ù

College Sports",2,2021-07-26 03:22:48
298,"RT @MSHopkins4: Just announced, that you can't attend any Premier League football matches, if you haven't had the 'shots' by October! Now A‚Ä¶",0,2021-07-26 01:18:00
299,"RT @MSHopkins4: Just announced, that you can't attend any Premier League football matches, if you haven't had the 'shots' by October! Now A‚Ä¶",0,2021-07-26 01:14:45
