,tweet,likes,date_posted
0,RT @org_scp: ðŸš¨ We call on @SpursOfficial #COYS fans &amp; indeed all football supporters to help bring this nonsense to an end in the same wayâ€¦,0,2021-07-27 22:51:32
1,RT @org_scp: ðŸš¨ We call on @SpursOfficial #COYS fans &amp; indeed all football supporters to help bring this nonsense to an end in the same wayâ€¦,0,2021-07-27 22:34:57
2,RT @org_scp: ðŸš¨ We call on @SpursOfficial #COYS fans &amp; indeed all football supporters to help bring this nonsense to an end in the same wayâ€¦,0,2021-07-27 21:56:26
3,RT @org_scp: ðŸš¨ We call on @SpursOfficial #COYS fans &amp; indeed all football supporters to help bring this nonsense to an end in the same wayâ€¦,0,2021-07-27 21:52:35
4,RT @org_scp: ðŸš¨ We call on @SpursOfficial #COYS fans &amp; indeed all football supporters to help bring this nonsense to an end in the same wayâ€¦,0,2021-07-27 20:40:30
5,RT @org_scp: ðŸš¨ We call on @SpursOfficial #COYS fans &amp; indeed all football supporters to help bring this nonsense to an end in the same wayâ€¦,0,2021-07-27 20:21:18
6,RT @org_scp: ðŸš¨ We call on @SpursOfficial #COYS fans &amp; indeed all football supporters to help bring this nonsense to an end in the same wayâ€¦,0,2021-07-27 20:12:42
7,RT @org_scp: ðŸš¨ We call on @SpursOfficial #COYS fans &amp; indeed all football supporters to help bring this nonsense to an end in the same wayâ€¦,0,2021-07-27 19:43:45
8,RT @org_scp: ðŸš¨ We call on @SpursOfficial #COYS fans &amp; indeed all football supporters to help bring this nonsense to an end in the same wayâ€¦,0,2021-07-27 19:29:51
9,RT @org_scp: ðŸš¨ We call on @SpursOfficial #COYS fans &amp; indeed all football supporters to help bring this nonsense to an end in the same wayâ€¦,0,2021-07-27 19:26:58
10,RT @org_scp: ðŸš¨ We call on @SpursOfficial #COYS fans &amp; indeed all football supporters to help bring this nonsense to an end in the same wayâ€¦,0,2021-07-27 18:55:52
11,RT @org_scp: ðŸš¨ We call on @SpursOfficial #COYS fans &amp; indeed all football supporters to help bring this nonsense to an end in the same wayâ€¦,0,2021-07-27 18:52:38
12,RT @org_scp: ðŸš¨ We call on @SpursOfficial #COYS fans &amp; indeed all football supporters to help bring this nonsense to an end in the same wayâ€¦,0,2021-07-27 18:43:20
13,RT @org_scp: ðŸš¨ We call on @SpursOfficial #COYS fans &amp; indeed all football supporters to help bring this nonsense to an end in the same wayâ€¦,0,2021-07-27 18:07:19
14,RT @org_scp: ðŸš¨ We call on @SpursOfficial #COYS fans &amp; indeed all football supporters to help bring this nonsense to an end in the same wayâ€¦,0,2021-07-27 17:36:57
15,RT @org_scp: ðŸš¨ We call on @SpursOfficial #COYS fans &amp; indeed all football supporters to help bring this nonsense to an end in the same wayâ€¦,0,2021-07-27 17:28:57
16,RT @org_scp: ðŸš¨ We call on @SpursOfficial #COYS fans &amp; indeed all football supporters to help bring this nonsense to an end in the same wayâ€¦,0,2021-07-27 17:26:57
17,RT @org_scp: ðŸš¨ We call on @SpursOfficial #COYS fans &amp; indeed all football supporters to help bring this nonsense to an end in the same wayâ€¦,0,2021-07-27 17:18:48
18,RT @org_scp: ðŸš¨ We call on @SpursOfficial #COYS fans &amp; indeed all football supporters to help bring this nonsense to an end in the same wayâ€¦,0,2021-07-27 17:17:30
19,RT @org_scp: ðŸš¨ We call on @SpursOfficial #COYS fans &amp; indeed all football supporters to help bring this nonsense to an end in the same wayâ€¦,0,2021-07-27 16:59:45
20,RT @org_scp: ðŸš¨ We call on @SpursOfficial #COYS fans &amp; indeed all football supporters to help bring this nonsense to an end in the same wayâ€¦,0,2021-07-27 16:53:46
21,RT @org_scp: ðŸš¨ We call on @SpursOfficial #COYS fans &amp; indeed all football supporters to help bring this nonsense to an end in the same wayâ€¦,0,2021-07-27 16:52:57
22,RT @org_scp: ðŸš¨ We call on @SpursOfficial #COYS fans &amp; indeed all football supporters to help bring this nonsense to an end in the same wayâ€¦,0,2021-07-27 16:50:32
23,RT @org_scp: ðŸš¨ We call on @SpursOfficial #COYS fans &amp; indeed all football supporters to help bring this nonsense to an end in the same wayâ€¦,0,2021-07-27 16:31:11
24,RT @org_scp: ðŸš¨ We call on @SpursOfficial #COYS fans &amp; indeed all football supporters to help bring this nonsense to an end in the same wayâ€¦,0,2021-07-27 16:31:07
25,RT @org_scp: ðŸš¨ We call on @SpursOfficial #COYS fans &amp; indeed all football supporters to help bring this nonsense to an end in the same wayâ€¦,0,2021-07-27 16:30:41
26,RT @org_scp: ðŸš¨ We call on @SpursOfficial #COYS fans &amp; indeed all football supporters to help bring this nonsense to an end in the same wayâ€¦,0,2021-07-27 16:26:06
27,RT @org_scp: ðŸš¨ We call on @SpursOfficial #COYS fans &amp; indeed all football supporters to help bring this nonsense to an end in the same wayâ€¦,0,2021-07-27 16:26:03
28,RT @org_scp: ðŸš¨ We call on @SpursOfficial #COYS fans &amp; indeed all football supporters to help bring this nonsense to an end in the same wayâ€¦,0,2021-07-27 16:21:51
29,RT @org_scp: ðŸš¨ We call on @SpursOfficial #COYS fans &amp; indeed all football supporters to help bring this nonsense to an end in the same wayâ€¦,0,2021-07-27 16:15:15
30,RT @org_scp: ðŸš¨ We call on @SpursOfficial #COYS fans &amp; indeed all football supporters to help bring this nonsense to an end in the same wayâ€¦,0,2021-07-27 16:07:25
31,RT @org_scp: ðŸš¨ We call on @SpursOfficial #COYS fans &amp; indeed all football supporters to help bring this nonsense to an end in the same wayâ€¦,0,2021-07-27 15:59:48
32,RT @org_scp: ðŸš¨ We call on @SpursOfficial #COYS fans &amp; indeed all football supporters to help bring this nonsense to an end in the same wayâ€¦,0,2021-07-27 15:57:03
33,RT @org_scp: ðŸš¨ We call on @SpursOfficial #COYS fans &amp; indeed all football supporters to help bring this nonsense to an end in the same wayâ€¦,0,2021-07-27 15:56:45
34,RT @org_scp: ðŸš¨ We call on @SpursOfficial #COYS fans &amp; indeed all football supporters to help bring this nonsense to an end in the same wayâ€¦,0,2021-07-27 15:55:06
35,RT @org_scp: ðŸš¨ We call on @SpursOfficial #COYS fans &amp; indeed all football supporters to help bring this nonsense to an end in the same wayâ€¦,0,2021-07-27 15:53:41
36,RT @org_scp: ðŸš¨ We call on @SpursOfficial #COYS fans &amp; indeed all football supporters to help bring this nonsense to an end in the same wayâ€¦,0,2021-07-27 15:45:50
37,RT @org_scp: ðŸš¨ We call on @SpursOfficial #COYS fans &amp; indeed all football supporters to help bring this nonsense to an end in the same wayâ€¦,0,2021-07-27 15:45:15
38,RT @org_scp: ðŸš¨ We call on @SpursOfficial #COYS fans &amp; indeed all football supporters to help bring this nonsense to an end in the same wayâ€¦,0,2021-07-27 15:39:25
39,RT @org_scp: ðŸš¨ We call on @SpursOfficial #COYS fans &amp; indeed all football supporters to help bring this nonsense to an end in the same wayâ€¦,0,2021-07-27 15:37:53
40,RT @org_scp: ðŸš¨ We call on @SpursOfficial #COYS fans &amp; indeed all football supporters to help bring this nonsense to an end in the same wayâ€¦,0,2021-07-27 15:36:44
41,RT @org_scp: ðŸš¨ We call on @SpursOfficial #COYS fans &amp; indeed all football supporters to help bring this nonsense to an end in the same wayâ€¦,0,2021-07-27 15:34:58
42,RT @org_scp: ðŸš¨ We call on @SpursOfficial #COYS fans &amp; indeed all football supporters to help bring this nonsense to an end in the same wayâ€¦,0,2021-07-27 15:34:51
43,RT @org_scp: ðŸš¨ We call on @SpursOfficial #COYS fans &amp; indeed all football supporters to help bring this nonsense to an end in the same wayâ€¦,0,2021-07-27 15:34:47
44,RT @org_scp: ðŸš¨ We call on @SpursOfficial #COYS fans &amp; indeed all football supporters to help bring this nonsense to an end in the same wayâ€¦,0,2021-07-27 15:31:37
45,RT @org_scp: ðŸš¨ We call on @SpursOfficial #COYS fans &amp; indeed all football supporters to help bring this nonsense to an end in the same wayâ€¦,0,2021-07-27 15:31:04
46,RT @org_scp: ðŸš¨ We call on @SpursOfficial #COYS fans &amp; indeed all football supporters to help bring this nonsense to an end in the same wayâ€¦,0,2021-07-27 15:29:44
47,RT @org_scp: ðŸš¨ We call on @SpursOfficial #COYS fans &amp; indeed all football supporters to help bring this nonsense to an end in the same wayâ€¦,0,2021-07-27 15:28:22
48,RT @org_scp: ðŸš¨ We call on @SpursOfficial #COYS fans &amp; indeed all football supporters to help bring this nonsense to an end in the same wayâ€¦,0,2021-07-27 15:27:06
49,RT @org_scp: ðŸš¨ We call on @SpursOfficial #COYS fans &amp; indeed all football supporters to help bring this nonsense to an end in the same wayâ€¦,0,2021-07-27 15:26:27
50,RT @org_scp: ðŸš¨ We call on @SpursOfficial #COYS fans &amp; indeed all football supporters to help bring this nonsense to an end in the same wayâ€¦,0,2021-07-27 15:25:35
51,RT @org_scp: ðŸš¨ We call on @SpursOfficial #COYS fans &amp; indeed all football supporters to help bring this nonsense to an end in the same wayâ€¦,0,2021-07-27 15:24:27
52,RT @org_scp: ðŸš¨ We call on @SpursOfficial #COYS fans &amp; indeed all football supporters to help bring this nonsense to an end in the same wayâ€¦,0,2021-07-27 15:21:18
53,RT @org_scp: ðŸš¨ We call on @SpursOfficial #COYS fans &amp; indeed all football supporters to help bring this nonsense to an end in the same wayâ€¦,0,2021-07-27 15:20:53
54,RT @org_scp: ðŸš¨ We call on @SpursOfficial #COYS fans &amp; indeed all football supporters to help bring this nonsense to an end in the same wayâ€¦,0,2021-07-27 15:17:38
55,RT @org_scp: ðŸš¨ We call on @SpursOfficial #COYS fans &amp; indeed all football supporters to help bring this nonsense to an end in the same wayâ€¦,0,2021-07-27 15:17:32
56,RT @org_scp: ðŸš¨ We call on @SpursOfficial #COYS fans &amp; indeed all football supporters to help bring this nonsense to an end in the same wayâ€¦,0,2021-07-27 15:16:18
57,RT @org_scp: ðŸš¨ We call on @SpursOfficial #COYS fans &amp; indeed all football supporters to help bring this nonsense to an end in the same wayâ€¦,0,2021-07-27 15:15:10
58,RT @org_scp: ðŸš¨ We call on @SpursOfficial #COYS fans &amp; indeed all football supporters to help bring this nonsense to an end in the same wayâ€¦,0,2021-07-27 15:14:50
59,RT @org_scp: ðŸš¨ We call on @SpursOfficial #COYS fans &amp; indeed all football supporters to help bring this nonsense to an end in the same wayâ€¦,0,2021-07-27 15:14:43
60,RT @org_scp: ðŸš¨ We call on @SpursOfficial #COYS fans &amp; indeed all football supporters to help bring this nonsense to an end in the same wayâ€¦,0,2021-07-27 15:13:23
61,RT @org_scp: ðŸš¨ We call on @SpursOfficial #COYS fans &amp; indeed all football supporters to help bring this nonsense to an end in the same wayâ€¦,0,2021-07-27 15:13:21
62,RT @org_scp: ðŸš¨ We call on @SpursOfficial #COYS fans &amp; indeed all football supporters to help bring this nonsense to an end in the same wayâ€¦,0,2021-07-27 15:13:17
63,RT @org_scp: ðŸš¨ We call on @SpursOfficial #COYS fans &amp; indeed all football supporters to help bring this nonsense to an end in the same wayâ€¦,0,2021-07-27 15:13:17
64,RT @org_scp: ðŸš¨ We call on @SpursOfficial #COYS fans &amp; indeed all football supporters to help bring this nonsense to an end in the same wayâ€¦,0,2021-07-27 15:12:39
65,RT @org_scp: ðŸš¨ We call on @SpursOfficial #COYS fans &amp; indeed all football supporters to help bring this nonsense to an end in the same wayâ€¦,0,2021-07-27 15:12:07
66,RT @org_scp: ðŸš¨ We call on @SpursOfficial #COYS fans &amp; indeed all football supporters to help bring this nonsense to an end in the same wayâ€¦,0,2021-07-27 15:12:00
67,RT @org_scp: ðŸš¨ We call on @SpursOfficial #COYS fans &amp; indeed all football supporters to help bring this nonsense to an end in the same wayâ€¦,0,2021-07-27 15:11:57
68,RT @org_scp: ðŸš¨ We call on @SpursOfficial #COYS fans &amp; indeed all football supporters to help bring this nonsense to an end in the same wayâ€¦,0,2021-07-27 15:11:36
69,ðŸš¨ We call on @SpursOfficial #COYS fans &amp; indeed all football supporters to help bring this nonsense to an end in thâ€¦ https://t.co/ebteUwaydT,162,2021-07-27 15:10:42
70,@CholoColcho @DKostanjsak Get on with the #ESL #EuropeanSuperLeague and all this monopoly will be put to death.,0,2021-07-27 14:11:20
71,"@glanton22 @KTD89 @YankGeordie @DrSquatpump As Allan says ,big6 too signed up to #europeansuperleague and were prepâ€¦ https://t.co/TbhhnBRk8M",1,2021-07-27 06:55:46
72,"RT @adamblaizelives: @Ap3Journalism @TheUnitedWay99 @ManUnitedZone_ 

Big thanks to Adam Perry for including me in his short documentary.â€¦",0,2021-07-26 16:37:07
73,"RT @adamblaizelives: @Ap3Journalism @TheUnitedWay99 @ManUnitedZone_ 

Big thanks to Adam Perry for including me in his short documentary.â€¦",0,2021-07-26 16:37:07
74,"A special thank you to @adamblaizelives, @dominictaylor6_, @JacobRanson27 and @MAAjournalism for the interviews!â€¦ https://t.co/9azbYxFYEh",5,2021-07-26 16:31:25
75,"@Ap3Journalism @TheUnitedWay99 @ManUnitedZone_ 

Big thanks to Adam Perry for including me in his short documentaryâ€¦ https://t.co/w7jDZPnnGN",2,2021-07-26 09:05:21
76,"RT @org_scp: What a difference three months makes, since the furore against the #europeansuperleague where fans mobilised to bring it down.â€¦",0,2021-07-25 22:04:29
77,"RT @org_scp: What a difference three months makes, since the furore against the #europeansuperleague where fans mobilised to bring it down.â€¦",0,2021-07-25 19:20:56
78,"RT @org_scp: What a difference three months makes, since the furore against the #europeansuperleague where fans mobilised to bring it down.â€¦",0,2021-07-25 18:12:40
79,"RT @org_scp: What a difference three months makes, since the furore against the #europeansuperleague where fans mobilised to bring it down.â€¦",0,2021-07-25 17:58:45
80,"RT @org_scp: What a difference three months makes, since the furore against the #europeansuperleague where fans mobilised to bring it down.â€¦",0,2021-07-25 17:36:50
81,"RT @SathyRoksana: Be Confident to complete your Responsibility .
ðŸ˜‡ðŸ˜‡ðŸ˜‡
#DogeDay420 
#Digital #Advertising #agency 
#dcvspbks 
#europeansuperlâ€¦",0,2021-07-25 17:30:30
82,@jimwaterson @BBC @Olympics I donâ€™t disagree. Of course thatâ€™s a matter for the @iocmedia. Itâ€™s the continuation ofâ€¦ https://t.co/D01M6IT2RG,2,2021-07-25 16:20:35
83,"RT @org_scp: What a difference three months makes, since the furore against the #europeansuperleague where fans mobilised to bring it down.â€¦",0,2021-07-25 16:02:16
84,"RT @org_scp: What a difference three months makes, since the furore against the #europeansuperleague where fans mobilised to bring it down.â€¦",0,2021-07-25 15:19:07
85,"RT @org_scp: What a difference three months makes, since the furore against the #europeansuperleague where fans mobilised to bring it down.â€¦",0,2021-07-25 15:13:01
86,"RT @org_scp: What a difference three months makes, since the furore against the #europeansuperleague where fans mobilised to bring it down.â€¦",0,2021-07-25 15:05:13
87,"RT @org_scp: What a difference three months makes, since the furore against the #europeansuperleague where fans mobilised to bring it down.â€¦",0,2021-07-25 14:36:40
88,"RT @org_scp: What a difference three months makes, since the furore against the #europeansuperleague where fans mobilised to bring it down.â€¦",0,2021-07-25 14:27:29
89,"RT @org_scp: What a difference three months makes, since the furore against the #europeansuperleague where fans mobilised to bring it down.â€¦",0,2021-07-25 13:43:55
90,"RT @org_scp: What a difference three months makes, since the furore against the #europeansuperleague where fans mobilised to bring it down.â€¦",0,2021-07-25 13:43:29
91,"RT @org_scp: What a difference three months makes, since the furore against the #europeansuperleague where fans mobilised to bring it down.â€¦",0,2021-07-25 13:37:07
92,"RT @org_scp: What a difference three months makes, since the furore against the #europeansuperleague where fans mobilised to bring it down.â€¦",0,2021-07-25 13:35:44
93,"RT @org_scp: What a difference three months makes, since the furore against the #europeansuperleague where fans mobilised to bring it down.â€¦",0,2021-07-25 13:28:22
94,"RT @org_scp: What a difference three months makes, since the furore against the #europeansuperleague where fans mobilised to bring it down.â€¦",0,2021-07-25 13:25:48
95,"RT @org_scp: What a difference three months makes, since the furore against the #europeansuperleague where fans mobilised to bring it down.â€¦",0,2021-07-25 13:17:00
96,"RT @org_scp: What a difference three months makes, since the furore against the #europeansuperleague where fans mobilised to bring it down.â€¦",0,2021-07-25 13:15:15
97,"RT @org_scp: What a difference three months makes, since the furore against the #europeansuperleague where fans mobilised to bring it down.â€¦",0,2021-07-25 13:12:48
98,"RT @org_scp: What a difference three months makes, since the furore against the #europeansuperleague where fans mobilised to bring it down.â€¦",0,2021-07-25 12:45:59
99,"RT @org_scp: What a difference three months makes, since the furore against the #europeansuperleague where fans mobilised to bring it down.â€¦",0,2021-07-25 12:39:04
100,"RT @org_scp: What a difference three months makes, since the furore against the #europeansuperleague where fans mobilised to bring it down.â€¦",0,2021-07-25 12:35:54
101,"RT @org_scp: What a difference three months makes, since the furore against the #europeansuperleague where fans mobilised to bring it down.â€¦",0,2021-07-25 12:35:01
102,"RT @org_scp: What a difference three months makes, since the furore against the #europeansuperleague where fans mobilised to bring it down.â€¦",0,2021-07-25 12:32:09
103,"RT @org_scp: What a difference three months makes, since the furore against the #europeansuperleague where fans mobilised to bring it down.â€¦",0,2021-07-25 12:32:00
104,"RT @org_scp: What a difference three months makes, since the furore against the #europeansuperleague where fans mobilised to bring it down.â€¦",0,2021-07-25 12:17:41
105,"RT @org_scp: What a difference three months makes, since the furore against the #europeansuperleague where fans mobilised to bring it down.â€¦",0,2021-07-25 12:06:56
106,"RT @org_scp: What a difference three months makes, since the furore against the #europeansuperleague where fans mobilised to bring it down.â€¦",0,2021-07-25 12:02:44
107,"RT @org_scp: What a difference three months makes, since the furore against the #europeansuperleague where fans mobilised to bring it down.â€¦",0,2021-07-25 12:02:37
108,"RT @org_scp: What a difference three months makes, since the furore against the #europeansuperleague where fans mobilised to bring it down.â€¦",0,2021-07-25 12:00:32
109,"RT @org_scp: What a difference three months makes, since the furore against the #europeansuperleague where fans mobilised to bring it down.â€¦",0,2021-07-25 11:57:29
110,"RT @org_scp: What a difference three months makes, since the furore against the #europeansuperleague where fans mobilised to bring it down.â€¦",0,2021-07-25 11:56:56
111,"RT @org_scp: What a difference three months makes, since the furore against the #europeansuperleague where fans mobilised to bring it down.â€¦",0,2021-07-25 11:56:03
112,"RT @org_scp: What a difference three months makes, since the furore against the #europeansuperleague where fans mobilised to bring it down.â€¦",0,2021-07-25 11:51:19
113,"RT @org_scp: What a difference three months makes, since the furore against the #europeansuperleague where fans mobilised to bring it down.â€¦",0,2021-07-25 11:51:09
114,"RT @org_scp: What a difference three months makes, since the furore against the #europeansuperleague where fans mobilised to bring it down.â€¦",0,2021-07-25 11:42:25
115,"RT @org_scp: What a difference three months makes, since the furore against the #europeansuperleague where fans mobilised to bring it down.â€¦",0,2021-07-25 11:40:22
116,"RT @org_scp: What a difference three months makes, since the furore against the #europeansuperleague where fans mobilised to bring it down.â€¦",0,2021-07-25 11:39:50
117,"RT @org_scp: What a difference three months makes, since the furore against the #europeansuperleague where fans mobilised to bring it down.â€¦",0,2021-07-25 11:38:24
118,"RT @org_scp: What a difference three months makes, since the furore against the #europeansuperleague where fans mobilised to bring it down.â€¦",0,2021-07-25 11:38:11
119,"RT @org_scp: What a difference three months makes, since the furore against the #europeansuperleague where fans mobilised to bring it down.â€¦",0,2021-07-25 11:31:58
120,"RT @org_scp: What a difference three months makes, since the furore against the #europeansuperleague where fans mobilised to bring it down.â€¦",0,2021-07-25 11:17:50
121,"RT @org_scp: What a difference three months makes, since the furore against the #europeansuperleague where fans mobilised to bring it down.â€¦",0,2021-07-25 11:13:53
122,"RT @org_scp: What a difference three months makes, since the furore against the #europeansuperleague where fans mobilised to bring it down.â€¦",0,2021-07-25 11:12:15
123,"RT @org_scp: What a difference three months makes, since the furore against the #europeansuperleague where fans mobilised to bring it down.â€¦",0,2021-07-25 11:10:27
124,"RT @org_scp: What a difference three months makes, since the furore against the #europeansuperleague where fans mobilised to bring it down.â€¦",0,2021-07-25 11:10:02
125,"RT @org_scp: What a difference three months makes, since the furore against the #europeansuperleague where fans mobilised to bring it down.â€¦",0,2021-07-25 11:08:17
126,"RT @org_scp: What a difference three months makes, since the furore against the #europeansuperleague where fans mobilised to bring it down.â€¦",0,2021-07-25 11:04:49
127,"RT @org_scp: What a difference three months makes, since the furore against the #europeansuperleague where fans mobilised to bring it down.â€¦",0,2021-07-25 11:02:49
128,"RT @org_scp: What a difference three months makes, since the furore against the #europeansuperleague where fans mobilised to bring it down.â€¦",0,2021-07-25 11:01:36
129,"RT @org_scp: What a difference three months makes, since the furore against the #europeansuperleague where fans mobilised to bring it down.â€¦",0,2021-07-25 10:59:23
130,"RT @org_scp: What a difference three months makes, since the furore against the #europeansuperleague where fans mobilised to bring it down.â€¦",0,2021-07-25 10:59:03
131,"RT @org_scp: What a difference three months makes, since the furore against the #europeansuperleague where fans mobilised to bring it down.â€¦",0,2021-07-25 10:54:51
132,"RT @org_scp: What a difference three months makes, since the furore against the #europeansuperleague where fans mobilised to bring it down.â€¦",0,2021-07-25 10:53:53
133,"RT @org_scp: What a difference three months makes, since the furore against the #europeansuperleague where fans mobilised to bring it down.â€¦",0,2021-07-25 10:51:10
134,"What a difference three months makes, since the furore against the #europeansuperleague where fans mobilised to briâ€¦ https://t.co/HAZFnNP4Pa",182,2021-07-25 10:50:10
135,I have to say those American #EuropeanSuperLeague naysayers are real quiet right now,0,2021-07-23 22:22:09
136,RT @PaulGallant11: Many months ago 6 teams agreed to pay a fine #europeansuperleague break away one point here Â£3 Million fine was a slap oâ€¦,0,2021-07-23 17:55:39
137,"RT @eCorky_: Leather Waterproof Sports Shoes | Non-slip Breathable Deodorant Shoe
â‚¬ 26.99
Buy Now: https://t.co/9tSM1jRUaX
#leather #men #eâ€¦",0,2021-07-23 17:23:08
138,RT @davidpalmer2009: Still waiting for the ESL punishment to the Premier League clubs.. @manutd using the fine money to buy Sancho instead.â€¦,0,2021-07-23 13:48:34
139,RT @PaulGallant11: Many months ago 6 teams agreed to pay a fine #europeansuperleague break away one point here Â£3 Million fine was a slap oâ€¦,0,2021-07-23 13:15:00
140,@SkySportsNews Still waiting for the ESL punishment to the Premier League clubs.. @manutd using the fine money to bâ€¦ https://t.co/8EeeafPEzr,0,2021-07-23 12:57:57
141,Still waiting for the ESL punishment to the Premier League clubs.. @manutd using the fine money to buy Sancho insteâ€¦ https://t.co/owXxapf2Zy,1,2021-07-23 12:56:53
142,How could a CJEU ruling on the International Skating Union case frame the response to a Spanish court proceeding onâ€¦ https://t.co/ijnDH3bgCV,0,2021-07-23 09:01:03
143,Many months ago 6 teams agreed to pay a fine #europeansuperleague break away one point here Â£3 Million fine was a sâ€¦ https://t.co/q3bYZ1sAvf,10,2021-07-23 08:13:55
144,"RT @DigitalNStream: More is less: Solving sportâ€™s business model problem https://t.co/JlbnugWCyg #ESL #europeansuperleague #football
rt @weâ€¦",0,2021-07-23 06:58:53
145,"European Super League: Billionaires Want to Make More Billions

https://t.co/GuOpsnBsrL

#europeansuperleagueâ€¦ https://t.co/63hZhye2UA",0,2021-07-23 06:00:40
146,"More is less: Solving sportâ€™s business model problem https://t.co/JlbnugWCyg #ESL #europeansuperleague #football
rtâ€¦ https://t.co/xCdpypowU5",2,2021-07-23 04:32:13
147,"#NBAFinals are over.. #Olympics2021 are in a bubble. #NFLNews are not exciting yet. 
Lets watch some #esportsâ€¦ https://t.co/Q08SKNvJnh",0,2021-07-21 22:25:49
148,"âš½ Social media has been a driver for the commoditization of sport, and Football Marketer Ben Wiggins is qualified tâ€¦ https://t.co/NgQmV8qbqq",1,2021-07-21 11:45:18
149,Why do I feel the breakaway teams who were stopped from joining the Super League are deliberately not spending tonsâ€¦ https://t.co/XB8F0ivUDa,0,2021-07-21 10:37:43
150,"@robot_lien Halo! here is your unroll: ðŸ‡ªðŸ‡º Key Opinion leaders âš½ Recently, the failed #EuropeanSuperLeagueâ€¦â€¦ https://t.co/JUfKPlt4FI",0,2021-07-21 09:50:07
151,"RT @PaulGallant11: Can't believe I am counting days special event coming CAT case.
Our #premierleague you will be found out and when it hapâ€¦",0,2021-07-21 08:22:50
152,"RT @PaulGallant11: Can't believe I am counting days special event coming CAT case.
Our #premierleague you will be found out and when it hapâ€¦",0,2021-07-21 07:39:07
153,"Can't believe I am counting days special event coming CAT case.
Our #premierleague you will be found out and when iâ€¦ https://t.co/iAjImxWKo7",8,2021-07-21 07:38:38
154,RT @JosephCFC18: Robbies house after 3 months of arsenal in the super league #europeansuperleague https://t.co/qvAvrW4SSt,0,2021-07-21 02:02:18
155,"#LaLiga join #UEFA and #FIFA in #EuropeanSuperLeague lawsuit! 

https://t.co/RnTpyEsTGN",0,2021-07-19 22:41:42
156,"RT @PerennialPundit: To think #NUFC fans were actually appalled by the idea of a #EuropeanSuperLeague.

I say f*ck the @premierleague and eâ€¦",0,2021-07-19 18:57:33
157,"RT @PerennialPundit: To think #NUFC fans were actually appalled by the idea of a #EuropeanSuperLeague.

I say f*ck the @premierleague and eâ€¦",0,2021-07-19 18:36:24
158,"RT @PerennialPundit: To think #NUFC fans were actually appalled by the idea of a #EuropeanSuperLeague.

I say f*ck the @premierleague and eâ€¦",0,2021-07-19 18:23:11
159,"To think #NUFC fans were actually appalled by the idea of a #EuropeanSuperLeague.

I say f*ck the @premierleague anâ€¦ https://t.co/0ciVKJpype",36,2021-07-19 18:20:48
160,"RT @hoods53853: Hell nah.
#europeansuperleague #UEFA #iHeartAwards #SuperLeague #video #vairal #tik_tok #foruyou #4upage #coronavirus httpsâ€¦",0,2021-07-18 22:04:29
161,"RT @PaulGallant11: To @OliverDowden our Takeover 
We were in London Friday you were not there 15 months of waiting PART 2 you still say itsâ€¦",0,2021-07-17 18:10:16
162,"RT @PaulGallant11: To @OliverDowden our Takeover 
We were in London Friday you were not there 15 months of waiting PART 2 you still say itsâ€¦",0,2021-07-17 17:50:05
163,"RT @PaulGallant11: To @OliverDowden our Takeover 
We were in London Friday you were not there 15 months of waiting PART 2 you still say itsâ€¦",0,2021-07-17 17:28:23
164,"RT @PaulGallant11: To @OliverDowden our Takeover 
We were in London Friday you were not there 15 months of waiting PART 2 you still say itsâ€¦",0,2021-07-17 13:10:30
165,RT @swerytd: You've got to hand it to #GBeebies - who'd've thought they'd last longer than the #EuropeanSuperLeague?,0,2021-07-17 12:57:24
166,You've got to hand it to #GBeebies - who'd've thought they'd last longer than the #EuropeanSuperLeague?,7,2021-07-17 12:48:31
167,"Hi Guys, #followme I will #followback #RT #retweet #europeansuperleague #Goldbridge #Goldbridgereactsâ€¦ https://t.co/0csOniLUP2",0,2021-07-17 12:35:56
168,"RT @PaulGallant11: To @OliverDowden our Takeover 
We were in London Friday you were not there 15 months of waiting PART 2 you still say itsâ€¦",0,2021-07-17 07:35:15
169,"To @OliverDowden our Takeover 
We were in London Friday you were not there 15 months of waiting PART 2 you still saâ€¦ https://t.co/tCR0InkCNF",17,2021-07-17 07:01:28
170,"RT @stevetibbett: new podcast out today on the campaign to stop #europeansuperleague with @LFC @JoeblottJoe 
https://t.co/iNU9JthbIx",0,2021-07-16 13:35:22
171,RT @Anthony04201636: @theMadridZone @elconfidencial If this is Uefa's strategy to tarnish the image of Florentino Perez then it won't work.â€¦,0,2021-07-16 10:12:15
172,"RT @stevetibbett: new podcast out today on the campaign to stop #europeansuperleague with @LFC @JoeblottJoe 
https://t.co/iNU9JthbIx",0,2021-07-16 08:50:34
173,@theMadridZone @elconfidencial If this is Uefa's strategy to tarnish the image of Florentino Perez then it won't woâ€¦ https://t.co/79uW6OIuff,9,2021-07-16 07:59:43
174,Italy makes bid to host 2028 european cup or 2030 world cup.. #europeansuperleague #worldcup #fifa #FIFA21â€¦ https://t.co/YX7j8txVfD,0,2021-07-16 06:53:27
175,RT @europeangreens: Feeling betrayed by your favourite team after the #EuropeanSuperLeague fiasco? Why not pick a new favourite in a differâ€¦,0,2021-07-15 20:31:16
176,RT @jake_pugh: #europeansuperleague What business is it of govt interfering in when a group of individuals and companies contemplate a lawfâ€¦,0,2021-07-15 19:44:32
177,"Israel is not Jewish, Israel is Zionist #movement  of hegemony to drainage #treasures of #Easter  part of #world 4â€¦ https://t.co/u3xvkYUM8A",1,2021-07-15 13:19:17
178,"new podcast out today on the campaign to stop #europeansuperleague with @LFC @JoeblottJoe 
https://t.co/iNU9JthbIx",3,2021-07-15 08:37:40
179,"Out of curiosity, arenâ€™t Real Madrid, Barcelona &amp; Juve still all for the European Super League? 

Sounds like anothâ€¦ https://t.co/jrNkNCJMTp",0,2021-07-15 07:14:18
180,RT @PaulGallant11: Not Amateur leadership no Peter no #europeansuperleague came out of nowhere if you remember Boris fighting the Virus heâ€¦,0,2021-07-14 20:52:07
181,Not Amateur leadership no Peter no #europeansuperleague came out of nowhere if you remember Boris fighting the Viruâ€¦ https://t.co/C75J3DIjpH,1,2021-07-14 19:02:21
182,Johnson tried to take credit for ending the #EuropeanSuperLeague again today. Charlatan.,0,2021-07-14 15:26:26
183,"RT @theMadridZon: ðŸš¨Nepal's PM, KP Sharma Oli has clarified that they will do everything in their power to stop the European Super League goâ€¦",0,2021-07-13 16:34:27
184,"RT @theMadridZon: ðŸš¨Nepal's PM, KP Sharma Oli has clarified that they will do everything in their power to stop the European Super League goâ€¦",0,2021-07-13 16:33:31
185,Realâ€™s #Perez says heâ€™s #victim of #plot as #Raul and #Casillas #quotes appear â€“ https://t.co/itAX5BWF3W #europeansuperleague,0,2021-07-13 15:14:26
186,People who love their club  should support superleague because uefa is a mafia. there is nothing poor or rich thisâ€¦ https://t.co/skI5Er88XR,0,2021-07-13 12:22:17
187,RT @LateStageTrib: Sinan Schwarting (@Sir_Writes_aLot) on the recent #EuropeanSuperLeague debacle &amp; why its demise was good for everyone whâ€¦,0,2021-07-12 22:40:10
188,RT @LateStageTrib: Sinan Schwarting (@Sir_Writes_aLot) on the recent #EuropeanSuperLeague debacle &amp; why its demise was good for everyone whâ€¦,0,2021-07-12 22:39:26
189,Sinan Schwarting (@Sir_Writes_aLot) on the recent #EuropeanSuperLeague debacle &amp; why its demise was good for everyoâ€¦ https://t.co/Wq9lqUKoUe,5,2021-07-12 22:38:45
190,RT @soccerdiva: Been up all night. Canâ€™t sleep. The ugly noise racists are making is way too loud &amp; itâ€™s drowning out the voices of good peâ€¦,0,2021-07-12 19:14:27
191,@keirmcfc @JackGrealish Yeah the team that not long ago turned its back on fans for the #EuropeanSuperLeague ?? I think Jack has more sense.,2,2021-07-12 19:10:27
192,RT @soccerdiva: Been up all night. Canâ€™t sleep. The ugly noise racists are making is way too loud &amp; itâ€™s drowning out the voices of good peâ€¦,0,2021-07-12 17:05:10
193,RT @soccerdiva: Been up all night. Canâ€™t sleep. The ugly noise racists are making is way too loud &amp; itâ€™s drowning out the voices of good peâ€¦,0,2021-07-12 16:20:47
194,RT @soccerdiva: Been up all night. Canâ€™t sleep. The ugly noise racists are making is way too loud &amp; itâ€™s drowning out the voices of good peâ€¦,0,2021-07-12 13:47:48
195,RT @soccerdiva: Been up all night. Canâ€™t sleep. The ugly noise racists are making is way too loud &amp; itâ€™s drowning out the voices of good peâ€¦,0,2021-07-12 12:33:04
196,RT @soccerdiva: Been up all night. Canâ€™t sleep. The ugly noise racists are making is way too loud &amp; itâ€™s drowning out the voices of good peâ€¦,0,2021-07-12 12:22:04
197,RT @soccerdiva: Been up all night. Canâ€™t sleep. The ugly noise racists are making is way too loud &amp; itâ€™s drowning out the voices of good peâ€¦,0,2021-07-12 12:19:55
198,RT @soccerdiva: Been up all night. Canâ€™t sleep. The ugly noise racists are making is way too loud &amp; itâ€™s drowning out the voices of good peâ€¦,0,2021-07-12 12:13:55
199,RT @soccerdiva: Been up all night. Canâ€™t sleep. The ugly noise racists are making is way too loud &amp; itâ€™s drowning out the voices of good peâ€¦,0,2021-07-12 12:10:49
200,RT @soccerdiva: Been up all night. Canâ€™t sleep. The ugly noise racists are making is way too loud &amp; itâ€™s drowning out the voices of good peâ€¦,0,2021-07-12 12:05:25
201,Been up all night. Canâ€™t sleep. The ugly noise racists are making is way too loud &amp; itâ€™s drowning out the voices ofâ€¦ https://t.co/akQUlXjrfP,71,2021-07-12 12:03:19
202,The only reason racism fester and continue to aftermath #ItalyvsEngland   &amp; European football is down to @UEFA theâ€¦ https://t.co/HwO5NSO0ov,0,2021-07-12 01:33:32
203,Liverpool could be about to make millions thanks to Playstation and Disney - Liverpool Echo https://t.co/Di78uy6Xwhâ€¦ https://t.co/9YrCg3WO4i,0,2021-07-11 07:03:35
204,"1/2
@FA:
When the 6 went to join #europeansuperleague fans of those clubs made THEIR feelings known!â€¦ https://t.co/PR1I8smOPe",0,2021-07-11 06:25:23
205,#FSG #LiverpoolFC #EuropeanSuperLeague Liverpool could be about to make millions thanks to Playstation and Disney -â€¦ https://t.co/KZkvUH5763,0,2021-07-11 06:25:09
206,"RT @sofiartmedia: EURO 2020-2021 UEFA European Championship Soccer sports seamless background
#dreamstime #EURO2020 #UEFA #banner #wallpapeâ€¦",0,2021-07-10 23:38:53
207,"Football's Coming Home? No singing, say UEFA https://t.co/OVoCKYBTOq at last #uefa showing some balls!
How out of tâ€¦ https://t.co/JrHwH1BW2f",0,2021-07-10 21:21:26
208,"RT @sofiartmedia: EURO 2020-2021 UEFA European Championship Soccer sports seamless background
#dreamstime #EURO2020 #UEFA #banner #wallpapeâ€¦",0,2021-07-10 09:56:20
209,"RT @sofiartmedia: EURO 2020-2021 UEFA European Championship Soccer sports seamless background
#dreamstime #EURO2020 #UEFA #banner #wallpapeâ€¦",0,2021-07-10 09:53:33
210,"RT @sofiartmedia: EURO 2020-2021 UEFA European Championship Soccer sports seamless background
#dreamstime #EURO2020 #UEFA #banner #wallpapeâ€¦",0,2021-07-10 09:50:33
211,RT @The__Farmster: So. This rumour that Masters had agreed to jump ship from the #PremierLeague to the #EuropeanSuperLeague #ESL and thatâ€™sâ€¦,0,2021-07-10 06:04:17
212,#ITAENG Dear England #ENG where you want to go without #EuropeanSport #EuropeanSuperLeague This is an Excel Graphicâ€¦ https://t.co/0YHeQscWm6,1,2021-07-09 22:17:23
213,RT @The__Farmster: So. This rumour that Masters had agreed to jump ship from the #PremierLeague to the #EuropeanSuperLeague #ESL and thatâ€™sâ€¦,0,2021-07-09 16:30:41
214,RT @The__Farmster: So. This rumour that Masters had agreed to jump ship from the #PremierLeague to the #EuropeanSuperLeague #ESL and thatâ€™sâ€¦,0,2021-07-09 15:09:44
215,RT @The__Farmster: So. This rumour that Masters had agreed to jump ship from the #PremierLeague to the #EuropeanSuperLeague #ESL and thatâ€™sâ€¦,0,2021-07-09 14:35:59
216,RT @The__Farmster: So. This rumour that Masters had agreed to jump ship from the #PremierLeague to the #EuropeanSuperLeague #ESL and thatâ€™sâ€¦,0,2021-07-09 13:51:53
217,So. This rumour that Masters had agreed to jump ship from the #PremierLeague to the #EuropeanSuperLeague #ESL and tâ€¦ https://t.co/BDSkW3TnfS,41,2021-07-09 13:03:58
218,"RT @01ivi3r1u6: Turkey played 1st game. Switzerland played day2, in Azerbaijan. Russia played day3, followed by N.Macedonia &amp; Ukraine.

Aftâ€¦",0,2021-07-08 21:29:41
219,"RT @01ivi3r1u6: Turkey played 1st game. Switzerland played day2, in Azerbaijan. Russia played day3, followed by N.Macedonia &amp; Ukraine.

Aftâ€¦",0,2021-07-08 20:30:45
220,"RT @01ivi3r1u6: Turkey played 1st game. Switzerland played day2, in Azerbaijan. Russia played day3, followed by N.Macedonia &amp; Ukraine.

Aftâ€¦",0,2021-07-08 19:50:51
221,"RT @01ivi3r1u6: Turkey played 1st game. Switzerland played day2, in Azerbaijan. Russia played day3, followed by N.Macedonia &amp; Ukraine.

Aftâ€¦",0,2021-07-08 16:06:34
222,"RT @01ivi3r1u6: Turkey played 1st game. Switzerland played day2, in Azerbaijan. Russia played day3, followed by N.Macedonia &amp; Ukraine.

Aftâ€¦",0,2021-07-08 16:04:27
223,Looking forward to @GNev2 and @Carra23 rant on this considering football should be available to all. How dare the râ€¦ https://t.co/397xZcOzDe,1,2021-07-08 14:58:26
224,"Turkey played 1st game. Switzerland played day2, in Azerbaijan. Russia played day3, followed by N.Macedonia &amp; Ukraiâ€¦ https://t.co/Iy1P4Xjxeu",13,2021-07-08 09:15:17
225,"@UEFA When will you take action against this? 

You were only with the #europeansuperleague because you would moneyâ€¦ https://t.co/0GenoppwXD",0,2021-07-08 04:34:55
226,RT @beano_hakeem: Ronaldo after statpadding his 7th goal against Arsenal #europeansuperleague https://t.co/AX0D0sEu3q,0,2021-07-07 19:04:41
227,It is now understandable why Barca and Real pushed so hard for the #europeansuperleague. Their finances seem to be in the red this summer.,0,2021-07-07 13:17:03
228,"RT @Awbmasterclass: goodbye to the beautiful game ðŸ’”ðŸ’”
ðŸ’”ðŸ’”ðŸ’”ðŸ’” I WILL ALWAYS LOVE YOU #europeansuperleague 
 https://t.co/k1hNdwMWmm",0,2021-07-07 06:09:42
229,"Hi Guys, #followme I will #followback #RT #retweet #europeansuperleague #fifa #football #juventus #KeithAndrewâ€¦ https://t.co/7u29zIOBuz",0,2021-07-06 18:08:32
230,Why the #EuropeanSuperLeague will eventually happen. https://t.co/lw9M4INjwq,3,2021-07-06 14:57:49
231,"@DrJSchwedler this is the Jordanian government
#USA #USAEnemyOfPeace  #USAAWalkaway  #USABMNT  #USALLIN  #ukogâ€¦ https://t.co/4eG7JZWaSY",1,2021-07-06 13:47:31
232,"Remember the #EuropeanSuperLeague kerfuffle? Well the experiment is now heading to Africa, because ""if anything faiâ€¦ https://t.co/cY01OTo6lx",11,2021-07-06 12:26:48
233,"@tracey_crouch Now written in 2021, when all of footballs governance wheels have fallen off - &amp; the fan led reviewâ€¦ https://t.co/iwhEqt0XGV",0,2021-07-06 07:36:02
234,The real reason behind that #europeansuperleague bollocks. https://t.co/dzrds7xWFM,3,2021-07-06 06:17:30
235,UEFA will be ordered to compensate the three European Super League rebels with tens of millions of pounds if it attâ€¦ https://t.co/mx98IraaW8,0,2021-07-06 06:09:52
236,"What an absolute JOKE! #EuropeanSuperLeague #SuperLeague #NoToSuperLeague

https://t.co/iGOLTHkL0O",0,2021-07-06 05:47:57
237,"Boom ðŸ’¥ðŸ’¥ðŸ’¥
#PremierLeague 
#PremierLeagueIsCorrupt 
@premierleague 
@SkySportsPL 
@btsportfootball 
@mrjakehumphreyâ€¦ https://t.co/LEIb0jS9kd",0,2021-07-05 17:29:47
238,"Rt @wef 
More is less: Solving sportâ€™s business model problem https://t.co/kcMseeQM3C #ESL #europeansuperleagueâ€¦ https://t.co/dfpB6662Wg",1,2021-07-05 13:58:05
239,You are very correct Russell 14 teams outside #europeansuperleague teams we need their fans acting together for theâ€¦ https://t.co/KnjO5Gpnkb,1,2021-07-05 13:41:37
240,I'm pretty sure Spurs helped set up the #europeansuperleague in order to get something like this going... https://t.co/8wSW0qam59,0,2021-07-05 08:59:34
241,"More is less: Solving sportâ€™s business model problem https://t.co/tp2ayU7QzI #ESL #europeansuperleague #football
rtâ€¦ https://t.co/igDCEShyAc",2,2021-07-04 23:29:06
242,"#footballscominghome but, we must not forget about the #EuropeanSuperLeague. The first battle from April 2021 has bâ€¦ https://t.co/9H1fiQ9qW4",0,2021-07-04 17:49:45
243,"https://t.co/tgHXgmmKgi
Yes I am posting again we all have friends who support their team correct #premierleague doâ€¦ https://t.co/JHo39NBmJP",1,2021-07-04 15:13:25
244,"After last nights performance, football may well be coming home and I cannot bloody wait for Wednesdays game! Todayâ€¦ https://t.co/rz62d8xEnr",0,2021-07-04 12:00:02
245,"A great example of the fickleness of modern football fans. It is these ""fans"" that the #EuropeanSuperLeague  will bâ€¦ https://t.co/V7X3ycBK2V",0,2021-07-03 19:36:04
246,"RT @tvukzone: Sky commission #EuropeanSuperLeague documentary with exclusive access. Detalis:

https://t.co/iEhqNBhGMH",0,2021-07-03 19:30:43
247,"Sky commission #EuropeanSuperLeague documentary with exclusive access. Detalis:

https://t.co/iEhqNBhGMH",4,2021-07-03 19:30:00
248,RT @JakeWoodier: 'Why is our society so top-heavy? The same old thing is reflected in the #EuropeanSuperLeague as in our society: the richâ€¦,0,2021-07-03 18:41:42
249,"#EURO2020 letâ€™s try predicting the 2nd semifinal. I say it will be:

UKRAINE ðŸ‡ºðŸ‡¦ vs. DENMARK ðŸ‡©ðŸ‡° 

#Euro2021â€¦ https://t.co/SSNpmtqGFm",0,2021-07-03 16:02:57
250,"RT @caitriona_smyth: #RememberMyNoah 
His name is Noah Donohoe 
#europeansuperleague 
#NoahsArmy 

Hundreds help search North Belfast for mâ€¦",0,2021-07-03 14:27:52
251,RT @JakeWoodier: 'Why is our society so top-heavy? The same old thing is reflected in the #EuropeanSuperLeague as in our society: the richâ€¦,0,2021-07-03 13:42:25
252,RT @JakeWoodier: 'Why is our society so top-heavy? The same old thing is reflected in the #EuropeanSuperLeague as in our society: the richâ€¦,0,2021-07-03 12:50:18
253,RT @JakeWoodier: 'Why is our society so top-heavy? The same old thing is reflected in the #EuropeanSuperLeague as in our society: the richâ€¦,0,2021-07-03 11:58:57
254,RT @JakeWoodier: 'Why is our society so top-heavy? The same old thing is reflected in the #EuropeanSuperLeague as in our society: the richâ€¦,0,2021-07-03 11:53:33
255,'Why is our society so top-heavy? The same old thing is reflected in the #EuropeanSuperLeague as in our society: thâ€¦ https://t.co/gETYw3aJh5,19,2021-07-03 11:48:23
256,"European Super League sanctions annulled by Spanish Court.

#EuropeanSuperLeague #Spain #SpanishJusticeâ€¦ https://t.co/H0PEOZb3iZ",0,2021-07-03 10:00:00
257,Has to be retweeted and if we all retweet more pressure on them #Corruption #collusion #Cartel #europeansuperleagueâ€¦ https://t.co/uHBorxCeii,1,2021-07-02 08:07:44
258,"RT @Retro_George: Today's #EuropeanSuperLeague announcement from a PR perspective. Tragically, the owners of the clubs concerned couldn't gâ€¦",0,2021-07-02 07:45:43
259,"RT @ashraf890251: Check out my Gig on Fiverr: do excel data entry, data entry, quick copy paste https://t.co/HyuZq4sp9P 
#Fiverr #fiverrselâ€¦",0,2021-07-02 02:05:00
260,"RT @sofiartmedia: EURO 2020-2021 UEFA European Championship Soccer sports seamless background
#dreamstime #EURO2020 #UEFA #banner #wallpapeâ€¦",0,2021-07-01 16:49:52
261,"A Spanish court ordered UEFA to cancel all legal sanctions imposed on Real Madrid, Barcelona and Juventus for plannâ€¦ https://t.co/R0F0QA7Vu1",0,2021-07-01 15:58:58
262,RT @goonerclaps37: The question will be do Juve have Â£40m for Locatelli? Their finances seemed one of the more perilous when the #EuropeanSâ€¦,0,2021-07-01 07:18:25
263,The question will be do Juve have Â£40m for Locatelli? Their finances seemed one of the more perilous when theâ€¦ https://t.co/Q8NnhOVPIV,2,2021-07-01 07:15:42
264,"RT @updeshmote: I am as I am..! #straightforward 
Must watch, like and RT...
.
.
.
.
.
.
.
#dcvspbks #europeansuperleague #LockdownMaharashâ€¦",0,2021-07-01 02:58:16
265,The Asian dream may remain elusive for Europeâ€™s corporate clubs #EuropeanSuperLeague #China #Asia https://t.co/lAMgp32HFb,0,2021-06-30 20:57:46
266,"Hi Guys, #followme I will #followback #RT #retweet #AdamMcKola #BrunoFernandes #championsleague #EuropaLeagueâ€¦ https://t.co/9zOeK2yAKQ",1,2021-06-30 15:12:17
267,RT @AlexPhillips8: A few suggestions here to improve the future of European football: https://t.co/EgVCQ2Sy1b #europeanfootball  #europeansâ€¦,0,2021-06-30 13:30:38
268,The 5 days of the #europeansuperleague showed Twitter how powerful football is. The timeline was 90% football ðŸ”¥ ðŸ”¥,4,2021-06-29 20:59:30
269,"RT @tvukzone: Sky commission #EuropeanSuperLeague documentary with exclusive access. More info:

https://t.co/iEhqNBhGMH",0,2021-06-29 20:05:55
270,"RT @tvukzone: Sky Documentaries commission #EuropeanSuperLeague documentary with exclusive access. More info:

https://t.co/iEhqNBhGMH",0,2021-06-29 20:02:45
271,"Sky commission #EuropeanSuperLeague documentary with exclusive access. More info:

https://t.co/iEhqNBhGMH",5,2021-06-29 20:00:01
272,"Check out my Gig on Fiverr: do excel data entry, data entry, quick copy paste https://t.co/HyuZq4sp9P 
#Fiverrâ€¦ https://t.co/ishtvjj8MW",0,2021-06-29 18:59:37
273,"Check out my Gig on Fiverr: do data entry, web research, quick copy paste https://t.co/aVRaArit7Y 
#Fiverrâ€¦ https://t.co/cTLmOxCQAb",2,2021-06-29 18:58:12
274,"RT @tvukzone: Sky Documentaries commission #EuropeanSuperLeague documentary with exclusive access. More info:

https://t.co/iEhqNBhGMH",0,2021-06-29 16:34:02
275,"Sky Documentaries commission #EuropeanSuperLeague documentary with exclusive access. More info:

https://t.co/iEhqNBhGMH",1,2021-06-29 16:30:00
276,"RT @tvukzone: NEW: Sky Documentaries commission #EuropeanSuperLeague documentary with exclusive access. More info:

https://t.co/iEhqNBhGMH",0,2021-06-29 13:07:09
277,"NEW: Sky Documentaries commission #EuropeanSuperLeague documentary with exclusive access. More info:

https://t.co/iEhqNBhGMH",0,2021-06-29 13:00:01
278,#LiverpoolFC #EuropeanSuperLeague #FSG Liverpool and 'big six' rivals could be sitting on an Â£838m revenue boost -â€¦ https://t.co/CjT4vrs3N4,0,2021-06-29 12:00:13
279,#EuropeanSuperLeagueâ€™s Demise To Be Subject Of #Sky Documentary From â€˜Sunderland â€˜Til I Dieâ€™ Producer #Fulwell73â€¦ https://t.co/AmEOSEEmqr,0,2021-06-29 10:53:09
280,"Sky announces new documentary on the rise and fall of the #EuropeanSuperLeague

https://t.co/cs9mUMLZ9E https://t.co/Zg3P8bOD99",2,2021-06-29 10:40:02
281,Sky Documentaries to air European Super League documentary https://t.co/IekEFU0AOY #EuropeanSuperLeague #ESL #SkyDocumentaries #FulwellFilms,3,2021-06-29 10:36:06
282,"As England aims to progress further in #Euro2020, the game at club level is still reeling from the disruption causeâ€¦ https://t.co/I12T4neGp3",3,2021-06-29 10:33:26
283,#EuropeanSuperLeague Documentary Heads to Sky From #Fulwell73 https://t.co/qavrv5xD3V https://t.co/bRuEcp9cCF,0,2021-06-29 10:03:07
284,Still raw and bewildering for most of us - but will the @skytv Sky Docs special uncover the real story or not? #ESLâ€¦ https://t.co/7tfnX2gqwz,0,2021-06-29 08:43:30
285,"RT @davez2010: Deduct points, relegate, ban all 6 clubs from European competition for 10 years and that just for THINKING about joining theâ€¦",0,2021-06-28 19:54:32
286,It's nearly July and some people still have the say no to  #EuropeanSuperLeague pfp ðŸ˜‚. Move on man.,2,2021-06-28 15:42:33
287,European Super League: What history can teach us about splits in sport https://t.co/n5AUnJLcsS #EuropeanSuperLeagueâ€¦ https://t.co/qLbEklNJgd,0,2021-06-27 08:30:09
288,"RT @sofiartmedia: EURO 2020-2021 UEFA European Championship Soccer sports seamless background
#dreamstime #EURO2020 #UEFA #banner #wallpapeâ€¦",0,2021-06-26 09:10:20
289,"RT @sofiartmedia: EURO 2020-2021 UEFA European Championship Soccer sports seamless background
#dreamstime #EURO2020 #UEFA #banner #wallpapeâ€¦",0,2021-06-26 09:10:16
290,"""We are not excluding anyone, but everyone can't be there. A Roma-Sampdoria has less interest than a Manchester-Parâ€¦ https://t.co/fVnf93pJyT",0,2021-06-26 06:47:06
291,RT @BasherNafiz: Jesse Lingard at the ballon dâ€™or ceremony #europeansuperleague #SuperLeague https://t.co/ZEGzA944Mr,0,2021-06-26 04:43:32
